"id","perfil","etiqueta","tipo","canal","nota","cc","osc","destino","salida","modo","min","max","argumento","formula","escenas"
"vvvv.scene","MIDI SEQ PLAYER.v4p","Escena — canal 10 / notas 0–71","note","10","0..71","","","scene.goto","action","trigger","","","","",""
"vvvv.video.0.clip","MIDI SEQ PLAYER.v4p","Franja 1 — secuencia","note","13","0","","","players.0.clip","control","velocity","0","68","","floor(velocity / 127 × 68) % 68",""
"vvvv.video.0.gate","MIDI SEQ PLAYER.v4p","Franja 1 — video","note","13","0","","","mix.stripes.0.video","control","gate","","","","",""
"vvvv.milky.0.preset","MIDI SEQ PLAYER.v4p","Franja 1 — preset Milky","note","13","6","","","milky.stripes.0.preset","control","velocity","0","3","","floor(velocity / 127 × 3)",""
"vvvv.milky.0.gate","MIDI SEQ PLAYER.v4p","Franja 1 — Milky","note","13","6","","","mix.stripes.0.milky","control","gate","","","","",""
"vvvv.blocks.0","MIDI SEQ PLAYER.v4p","Bloque 1","note","7","1","","","graphics.blocks.0","control","gate","","","","",""
"vvvv.video.1.clip","MIDI SEQ PLAYER.v4p","Franja 2 — secuencia","note","13","1","","","players.1.clip","control","velocity","0","68","","floor(velocity / 127 × 68) % 68",""
"vvvv.video.1.gate","MIDI SEQ PLAYER.v4p","Franja 2 — video","note","13","1","","","mix.stripes.1.video","control","gate","","","","",""
"vvvv.milky.1.preset","MIDI SEQ PLAYER.v4p","Franja 2 — preset Milky","note","13","7","","","milky.stripes.1.preset","control","velocity","0","3","","floor(velocity / 127 × 3)",""
"vvvv.milky.1.gate","MIDI SEQ PLAYER.v4p","Franja 2 — Milky","note","13","7","","","mix.stripes.1.milky","control","gate","","","","",""
"vvvv.blocks.1","MIDI SEQ PLAYER.v4p","Bloque 2","note","7","2","","","graphics.blocks.1","control","gate","","","","",""
"vvvv.video.2.clip","MIDI SEQ PLAYER.v4p","Franja 3 — secuencia","note","13","2","","","players.2.clip","control","velocity","0","68","","floor(velocity / 127 × 68) % 68",""
"vvvv.video.2.gate","MIDI SEQ PLAYER.v4p","Franja 3 — video","note","13","2","","","mix.stripes.2.video","control","gate","","","","",""
"vvvv.milky.2.preset","MIDI SEQ PLAYER.v4p","Franja 3 — preset Milky","note","13","8","","","milky.stripes.2.preset","control","velocity","0","3","","floor(velocity / 127 × 3)",""
"vvvv.milky.2.gate","MIDI SEQ PLAYER.v4p","Franja 3 — Milky","note","13","8","","","mix.stripes.2.milky","control","gate","","","","",""
"vvvv.blocks.2","MIDI SEQ PLAYER.v4p","Bloque 3","note","7","3","","","graphics.blocks.2","control","gate","","","","",""
"vvvv.video.3.clip","MIDI SEQ PLAYER.v4p","Franja 4 — secuencia","note","13","3","","","players.3.clip","control","velocity","0","68","","floor(velocity / 127 × 68) % 68",""
"vvvv.video.3.gate","MIDI SEQ PLAYER.v4p","Franja 4 — video","note","13","3","","","mix.stripes.3.video","control","gate","","","","",""
"vvvv.milky.3.preset","MIDI SEQ PLAYER.v4p","Franja 4 — preset Milky","note","13","9","","","milky.stripes.3.preset","control","velocity","0","3","","floor(velocity / 127 × 3)",""
"vvvv.milky.3.gate","MIDI SEQ PLAYER.v4p","Franja 4 — Milky","note","13","9","","","mix.stripes.3.milky","control","gate","","","","",""
"vvvv.blocks.3","MIDI SEQ PLAYER.v4p","Bloque 4","note","7","4","","","graphics.blocks.3","control","gate","","","","",""
"vvvv.video.4.clip","MIDI SEQ PLAYER.v4p","Franja 5 — secuencia","note","13","4","","","players.4.clip","control","velocity","0","68","","floor(velocity / 127 × 68) % 68",""
"vvvv.video.4.gate","MIDI SEQ PLAYER.v4p","Franja 5 — video","note","13","4","","","mix.stripes.4.video","control","gate","","","","",""
"vvvv.milky.4.preset","MIDI SEQ PLAYER.v4p","Franja 5 — preset Milky","note","13","10","","","milky.stripes.4.preset","control","velocity","0","3","","floor(velocity / 127 × 3)",""
"vvvv.milky.4.gate","MIDI SEQ PLAYER.v4p","Franja 5 — Milky","note","13","10","","","mix.stripes.4.milky","control","gate","","","","",""
"vvvv.blocks.4","MIDI SEQ PLAYER.v4p","Bloque 5","note","7","5","","","graphics.blocks.4","control","gate","","","","",""
"vvvv.video.5.clip","MIDI SEQ PLAYER.v4p","Franja 6 — secuencia","note","13","5","","","players.5.clip","control","velocity","0","68","","floor(velocity / 127 × 68) % 68",""
"vvvv.video.5.gate","MIDI SEQ PLAYER.v4p","Franja 6 — video","note","13","5","","","mix.stripes.5.video","control","gate","","","","",""
"vvvv.milky.5.preset","MIDI SEQ PLAYER.v4p","Franja 6 — preset Milky","note","13","11","","","milky.stripes.5.preset","control","velocity","0","3","","floor(velocity / 127 × 3)",""
"vvvv.milky.5.gate","MIDI SEQ PLAYER.v4p","Franja 6 — Milky","note","13","11","","","mix.stripes.5.milky","control","gate","","","","",""
"vvvv.blocks.5","MIDI SEQ PLAYER.v4p","Bloque 6","note","7","6","","","graphics.blocks.5","control","gate","","","","",""
"vvvv.full.clip","MIDI SEQ PLAYER.v4p","Video completo — secuencia","note","13","12","","","player.full.clip","control","velocity","0","68","","floor(velocity / 127 × 68) % 68",""
"vvvv.full.video","MIDI SEQ PLAYER.v4p","Video completo — visible","note","13","12","","","mix.fullVideo","control","gate","","","","",""
"vvvv.full.milky.preset","MIDI SEQ PLAYER.v4p","Milky completo — preset","note","13","13","","","milky.full.preset","control","velocity","0","4","","",""
"vvvv.full.milky.gate","MIDI SEQ PLAYER.v4p","Milky completo — visible","note","13","13","","","mix.fullMilky","control","gate","","","","",""
"vvvv.button","MIDI SEQ PLAYER.v4p","BOTON — mantener","note","1","0","","","final.button","control","gate","","","","",""
"vvvv.kick1","MIDI SEQ PLAYER.v4p","Kick1","note","1","0","","","kick1","action","trigger","","","","",""
"vvvv.kick.all","MIDI SEQ PLAYER.v4p","Kick all — flanco del OR","note","1","36|41|48|50","","","kick","action","trigger","","","","",""
"vvvv.kick.warp","MIDI SEQ PLAYER.v4p","Kick WARP — OR sostenido","note","1","48|50","","","events.kickWarp","control","gate","","","","",""
"vvvv.snare.held","MIDI SEQ PLAYER.v4p","Snare all — OR sostenido","note","1","37|42","","","events.snareHeld","control","gate","","","","",""
"vvvv.snare.edge","MIDI SEQ PLAYER.v4p","Snare — notificación del primer flanco","note","1","37|42","","","snare","action","trigger","","","","",""
"vvvv.percussion","MIDI SEQ PLAYER.v4p","Perc any","note","2","36..53","","","percussion","action","trigger","","","","",""
"vvvv.ink","MIDI SEQ PLAYER.v4p","INK","note","7","0","","","ink.trigger","action","trigger","","","","",""
"vvvv.osc.fx1","player maximus.v4p → osc send.v4p","OSC /fx1","osc","","","","/fx1","final.fx1","control","set","","","","Numeric argument passed directly, without normalization or clamp.",""
"vvvv.osc.fx2","player maximus.v4p → osc send.v4p","OSC /fx2","osc","","","","/fx2","final.fx2","control","set","","","","Numeric argument passed directly, without normalization or clamp.",""
"vvvv.osc.fx4","player maximus.v4p → osc send.v4p","OSC /fx4","osc","","","","/fx4","final.fx4","control","set","","","","Numeric argument passed directly, without normalization or clamp.",""
"web.cc.composition.fullMilky.blend","parte2-public-v1","Control público · Mezcla","cc","11","","0","","composition.fullMilky.blend","control","range","0","1","","CC / 127 → registry enum bins",""
"web.cc.composition.fullMilky.brightness","parte2-public-v1","Control público · Brillo","cc","11","","1","","composition.fullMilky.brightness","control","range","0","2","","min + CC / 127 × (max − min); registry rounds integers",""
"web.cc.composition.fullMilky.enabled","parte2-public-v1","Control público · Activo","cc","11","","2","","composition.fullMilky.enabled","control","range","0","1","","CC >= 64",""
"web.cc.composition.fullMilky.height","parte2-public-v1","Control público · Alto","cc","11","","3","","composition.fullMilky.height","control","range","0.01","4","","min + CC / 127 × (max − min); registry rounds integers",""
"web.cc.composition.fullMilky.rotation","parte2-public-v1","Control público · Rotación","cc","11","","4","","composition.fullMilky.rotation","control","range","-0.5","0.5","","min + CC / 127 × (max − min); registry rounds integers",""
"web.cc.composition.fullMilky.uvRotation","parte2-public-v1","Control público · Rotación de textura","cc","11","","5","","composition.fullMilky.uvRotation","control","range","-0.5","0.5","","min + CC / 127 × (max − min); registry rounds integers",""
"web.cc.composition.fullMilky.uvScaleX","parte2-public-v1","Control público · Escala de textura X","cc","11","","6","","composition.fullMilky.uvScaleX","control","range","-3","3","","min + CC / 127 × (max − min); registry rounds integers",""
"web.cc.composition.fullMilky.uvScaleY","parte2-public-v1","Control público · Escala de textura Y","cc","11","","7","","composition.fullMilky.uvScaleY","control","range","-3","3","","min + CC / 127 × (max − min); registry rounds integers",""
"web.cc.composition.fullMilky.uvX","parte2-public-v1","Control público · Recorte de textura X","cc","11","","8","","composition.fullMilky.uvX","control","range","-1","1","","min + CC / 127 × (max − min); registry rounds integers",""
"web.cc.composition.fullMilky.uvY","parte2-public-v1","Control público · Recorte de textura Y","cc","11","","9","","composition.fullMilky.uvY","control","range","-1","1","","min + CC / 127 × (max − min); registry rounds integers",""
"web.cc.composition.fullMilky.width","parte2-public-v1","Control público · Ancho","cc","11","","10","","composition.fullMilky.width","control","range","0.01","4","","min + CC / 127 × (max − min); registry rounds integers",""
"web.cc.composition.fullMilky.wrap","parte2-public-v1","Control público · Repetir textura","cc","11","","11","","composition.fullMilky.wrap","control","range","0","1","","CC >= 64",""
"web.cc.composition.fullMilky.x","parte2-public-v1","Control público · Posición X","cc","11","","12","","composition.fullMilky.x","control","range","-2","2","","min + CC / 127 × (max − min); registry rounds integers",""
"web.cc.composition.fullMilky.y","parte2-public-v1","Control público · Posición Y","cc","11","","13","","composition.fullMilky.y","control","range","-2","2","","min + CC / 127 × (max − min); registry rounds integers",""
"web.cc.composition.fullVideo.blend","parte2-public-v1","Control público · Mezcla","cc","11","","14","","composition.fullVideo.blend","control","range","0","1","","CC / 127 → registry enum bins",""
"web.cc.composition.fullVideo.brightness","parte2-public-v1","Control público · Brillo","cc","11","","15","","composition.fullVideo.brightness","control","range","0","2","","min + CC / 127 × (max − min); registry rounds integers",""
"web.cc.composition.fullVideo.enabled","parte2-public-v1","Control público · Activo","cc","11","","16","","composition.fullVideo.enabled","control","range","0","1","","CC >= 64",""
"web.cc.composition.fullVideo.height","parte2-public-v1","Control público · Alto","cc","11","","17","","composition.fullVideo.height","control","range","0.01","4","","min + CC / 127 × (max − min); registry rounds integers",""
"web.cc.composition.fullVideo.rotation","parte2-public-v1","Control público · Rotación","cc","11","","18","","composition.fullVideo.rotation","control","range","-0.5","0.5","","min + CC / 127 × (max − min); registry rounds integers",""
"web.cc.composition.fullVideo.uvRotation","parte2-public-v1","Control público · Rotación de textura","cc","11","","19","","composition.fullVideo.uvRotation","control","range","-0.5","0.5","","min + CC / 127 × (max − min); registry rounds integers",""
"web.cc.composition.fullVideo.uvScaleX","parte2-public-v1","Control público · Escala de textura X","cc","11","","20","","composition.fullVideo.uvScaleX","control","range","-3","3","","min + CC / 127 × (max − min); registry rounds integers",""
"web.cc.composition.fullVideo.uvScaleY","parte2-public-v1","Control público · Escala de textura Y","cc","11","","21","","composition.fullVideo.uvScaleY","control","range","-3","3","","min + CC / 127 × (max − min); registry rounds integers",""
"web.cc.composition.fullVideo.uvX","parte2-public-v1","Control público · Recorte de textura X","cc","11","","22","","composition.fullVideo.uvX","control","range","-1","1","","min + CC / 127 × (max − min); registry rounds integers",""
"web.cc.composition.fullVideo.uvY","parte2-public-v1","Control público · Recorte de textura Y","cc","11","","23","","composition.fullVideo.uvY","control","range","-1","1","","min + CC / 127 × (max − min); registry rounds integers",""
"web.cc.composition.fullVideo.width","parte2-public-v1","Control público · Ancho","cc","11","","24","","composition.fullVideo.width","control","range","0.01","4","","min + CC / 127 × (max − min); registry rounds integers",""
"web.cc.composition.fullVideo.wrap","parte2-public-v1","Control público · Repetir textura","cc","11","","25","","composition.fullVideo.wrap","control","range","0","1","","CC >= 64",""
"web.cc.composition.fullVideo.x","parte2-public-v1","Control público · Posición X","cc","11","","26","","composition.fullVideo.x","control","range","-2","2","","min + CC / 127 × (max − min); registry rounds integers",""
"web.cc.composition.fullVideo.y","parte2-public-v1","Control público · Posición Y","cc","11","","27","","composition.fullVideo.y","control","range","-2","2","","min + CC / 127 × (max − min); registry rounds integers",""
"web.cc.composition.ink.blend","parte2-public-v1","Control público · Mezcla","cc","11","","28","","composition.ink.blend","control","range","0","1","","CC / 127 → registry enum bins",""
"web.cc.composition.ink.brightness","parte2-public-v1","Control público · Brillo","cc","11","","29","","composition.ink.brightness","control","range","0","2","","min + CC / 127 × (max − min); registry rounds integers",""
"web.cc.composition.ink.height","parte2-public-v1","Control público · Alto","cc","11","","30","","composition.ink.height","control","range","0.01","4","","min + CC / 127 × (max − min); registry rounds integers",""
"web.cc.composition.ink.rotation","parte2-public-v1","Control público · Rotación","cc","11","","31","","composition.ink.rotation","control","range","-0.5","0.5","","min + CC / 127 × (max − min); registry rounds integers",""
"web.cc.composition.ink.uvRotation","parte2-public-v1","Control público · Rotación de textura","cc","11","","32","","composition.ink.uvRotation","control","range","-0.5","0.5","","min + CC / 127 × (max − min); registry rounds integers",""
"web.cc.composition.ink.uvScaleX","parte2-public-v1","Control público · Escala de textura X","cc","11","","33","","composition.ink.uvScaleX","control","range","-3","3","","min + CC / 127 × (max − min); registry rounds integers",""
"web.cc.composition.ink.uvScaleY","parte2-public-v1","Control público · Escala de textura Y","cc","11","","34","","composition.ink.uvScaleY","control","range","-3","3","","min + CC / 127 × (max − min); registry rounds integers",""
"web.cc.composition.ink.uvX","parte2-public-v1","Control público · Recorte de textura X","cc","11","","35","","composition.ink.uvX","control","range","-1","1","","min + CC / 127 × (max − min); registry rounds integers",""
"web.cc.composition.ink.uvY","parte2-public-v1","Control público · Recorte de textura Y","cc","11","","36","","composition.ink.uvY","control","range","-1","1","","min + CC / 127 × (max − min); registry rounds integers",""
"web.cc.composition.ink.width","parte2-public-v1","Control público · Ancho","cc","11","","37","","composition.ink.width","control","range","0.01","4","","min + CC / 127 × (max − min); registry rounds integers",""
"web.cc.composition.ink.wrap","parte2-public-v1","Control público · Repetir textura","cc","11","","38","","composition.ink.wrap","control","range","0","1","","CC >= 64",""
"web.cc.composition.ink.x","parte2-public-v1","Control público · Posición X","cc","11","","39","","composition.ink.x","control","range","-2","2","","min + CC / 127 × (max − min); registry rounds integers",""
"web.cc.composition.ink.y","parte2-public-v1","Control público · Posición Y","cc","11","","40","","composition.ink.y","control","range","-2","2","","min + CC / 127 × (max − min); registry rounds integers",""
"web.cc.composition.overlay.blend","parte2-public-v1","Control público · Mezcla","cc","11","","41","","composition.overlay.blend","control","range","0","1","","CC / 127 → registry enum bins",""
"web.cc.composition.overlay.brightness","parte2-public-v1","Control público · Brillo","cc","11","","42","","composition.overlay.brightness","control","range","0","2","","min + CC / 127 × (max − min); registry rounds integers",""
"web.cc.composition.overlay.enabled","parte2-public-v1","Control público · Activo","cc","11","","43","","composition.overlay.enabled","control","range","0","1","","CC >= 64",""
"web.cc.composition.overlay.height","parte2-public-v1","Control público · Alto","cc","11","","44","","composition.overlay.height","control","range","0.01","4","","min + CC / 127 × (max − min); registry rounds integers",""
"web.cc.composition.overlay.opacity","parte2-public-v1","Control público · Opacidad","cc","11","","45","","composition.overlay.opacity","control","range","0","1","","min + CC / 127 × (max − min); registry rounds integers",""
"web.cc.composition.overlay.rotation","parte2-public-v1","Control público · Rotación","cc","11","","46","","composition.overlay.rotation","control","range","-0.5","0.5","","min + CC / 127 × (max − min); registry rounds integers",""
"web.cc.composition.overlay.uvRotation","parte2-public-v1","Control público · Rotación de textura","cc","11","","47","","composition.overlay.uvRotation","control","range","-0.5","0.5","","min + CC / 127 × (max − min); registry rounds integers",""
"web.cc.composition.overlay.uvScaleX","parte2-public-v1","Control público · Escala de textura X","cc","11","","48","","composition.overlay.uvScaleX","control","range","-3","3","","min + CC / 127 × (max − min); registry rounds integers",""
"web.cc.composition.overlay.uvScaleY","parte2-public-v1","Control público · Escala de textura Y","cc","11","","49","","composition.overlay.uvScaleY","control","range","-3","3","","min + CC / 127 × (max − min); registry rounds integers",""
"web.cc.composition.overlay.uvX","parte2-public-v1","Control público · Recorte de textura X","cc","11","","50","","composition.overlay.uvX","control","range","-1","1","","min + CC / 127 × (max − min); registry rounds integers",""
"web.cc.composition.overlay.uvY","parte2-public-v1","Control público · Recorte de textura Y","cc","11","","51","","composition.overlay.uvY","control","range","-1","1","","min + CC / 127 × (max − min); registry rounds integers",""
"web.cc.composition.overlay.width","parte2-public-v1","Control público · Ancho","cc","11","","52","","composition.overlay.width","control","range","0.01","4","","min + CC / 127 × (max − min); registry rounds integers",""
"web.cc.composition.overlay.wrap","parte2-public-v1","Control público · Repetir textura","cc","11","","53","","composition.overlay.wrap","control","range","0","1","","CC >= 64",""
"web.cc.composition.overlay.x","parte2-public-v1","Control público · Posición X","cc","11","","54","","composition.overlay.x","control","range","-2","2","","min + CC / 127 × (max − min); registry rounds integers",""
"web.cc.composition.overlay.y","parte2-public-v1","Control público · Posición Y","cc","11","","55","","composition.overlay.y","control","range","-2","2","","min + CC / 127 × (max − min); registry rounds integers",""
"web.cc.composition.stripes.blend","parte2-public-v1","Control público · Mezcla","cc","11","","56","","composition.stripes.blend","control","range","0","1","","CC / 127 → registry enum bins",""
"web.cc.composition.stripes.enabled","parte2-public-v1","Control público · Franjas activas","cc","11","","57","","composition.stripes.enabled","control","range","0","1","","CC >= 64",""
"web.cc.composition.stripes.flips.0","parte2-public-v1","Control público · Espejo Milky 1","cc","11","","58","","composition.stripes.flips.0","control","range","-1","1","","min + CC / 127 × (max − min); registry rounds integers",""
"web.cc.composition.stripes.flips.1","parte2-public-v1","Control público · Espejo Milky 2","cc","11","","59","","composition.stripes.flips.1","control","range","-1","1","","min + CC / 127 × (max − min); registry rounds integers",""
"web.cc.composition.stripes.flips.2","parte2-public-v1","Control público · Espejo Milky 3","cc","11","","60","","composition.stripes.flips.2","control","range","-1","1","","min + CC / 127 × (max − min); registry rounds integers",""
"web.cc.composition.stripes.flips.3","parte2-public-v1","Control público · Espejo Milky 4","cc","11","","61","","composition.stripes.flips.3","control","range","-1","1","","min + CC / 127 × (max − min); registry rounds integers",""
"web.cc.composition.stripes.flips.4","parte2-public-v1","Control público · Espejo Milky 5","cc","11","","62","","composition.stripes.flips.4","control","range","-1","1","","min + CC / 127 × (max − min); registry rounds integers",""
"web.cc.composition.stripes.flips.5","parte2-public-v1","Control público · Espejo Milky 6","cc","11","","63","","composition.stripes.flips.5","control","range","-1","1","","min + CC / 127 × (max − min); registry rounds integers",""
"web.cc.composition.stripes.height","parte2-public-v1","Control público · Alto de las franjas","cc","11","","64","","composition.stripes.height","control","range","0.01","3","","min + CC / 127 × (max − min); registry rounds integers",""
"web.cc.composition.stripes.milkyBrightness","parte2-public-v1","Control público · Brillo de Milky","cc","11","","65","","composition.stripes.milkyBrightness","control","range","0","2","","min + CC / 127 × (max − min); registry rounds integers",""
"web.cc.composition.stripes.rotation","parte2-public-v1","Control público · Rotación de las franjas","cc","11","","66","","composition.stripes.rotation","control","range","-0.5","0.5","","min + CC / 127 × (max − min); registry rounds integers",""
"web.cc.composition.stripes.rotations.0","parte2-public-v1","Control público · Rotación Milky 1","cc","11","","67","","composition.stripes.rotations.0","control","range","-0.5","0.5","","min + CC / 127 × (max − min); registry rounds integers",""
"web.cc.composition.stripes.rotations.1","parte2-public-v1","Control público · Rotación Milky 2","cc","11","","68","","composition.stripes.rotations.1","control","range","-0.5","0.5","","min + CC / 127 × (max − min); registry rounds integers",""
"web.cc.composition.stripes.rotations.2","parte2-public-v1","Control público · Rotación Milky 3","cc","11","","69","","composition.stripes.rotations.2","control","range","-0.5","0.5","","min + CC / 127 × (max − min); registry rounds integers",""
"web.cc.composition.stripes.rotations.3","parte2-public-v1","Control público · Rotación Milky 4","cc","11","","70","","composition.stripes.rotations.3","control","range","-0.5","0.5","","min + CC / 127 × (max − min); registry rounds integers",""
"web.cc.composition.stripes.rotations.4","parte2-public-v1","Control público · Rotación Milky 5","cc","11","","71","","composition.stripes.rotations.4","control","range","-0.5","0.5","","min + CC / 127 × (max − min); registry rounds integers",""
"web.cc.composition.stripes.rotations.5","parte2-public-v1","Control público · Rotación Milky 6","cc","11","","72","","composition.stripes.rotations.5","control","range","-0.5","0.5","","min + CC / 127 × (max − min); registry rounds integers",""
"web.cc.composition.stripes.stripWidth","parte2-public-v1","Control público · Ancho por franja","cc","11","","73","","composition.stripes.stripWidth","control","range","0.01","1","","min + CC / 127 × (max − min); registry rounds integers",""
"web.cc.composition.stripes.uvRotation","parte2-public-v1","Control público · Rotación de videos","cc","11","","74","","composition.stripes.uvRotation","control","range","-0.5","0.5","","min + CC / 127 × (max − min); registry rounds integers",""
"web.cc.composition.stripes.uvScaleX","parte2-public-v1","Control público · Escala de textura X","cc","11","","75","","composition.stripes.uvScaleX","control","range","-3","3","","min + CC / 127 × (max − min); registry rounds integers",""
"web.cc.composition.stripes.uvScaleY","parte2-public-v1","Control público · Escala de textura Y","cc","11","","76","","composition.stripes.uvScaleY","control","range","-3","3","","min + CC / 127 × (max − min); registry rounds integers",""
"web.cc.composition.stripes.uvX","parte2-public-v1","Control público · Recorte X","cc","11","","77","","composition.stripes.uvX","control","range","-1","1","","min + CC / 127 × (max − min); registry rounds integers",""
"web.cc.composition.stripes.uvY","parte2-public-v1","Control público · Recorte Y","cc","11","","78","","composition.stripes.uvY","control","range","-1","1","","min + CC / 127 × (max − min); registry rounds integers",""
"web.cc.composition.stripes.videoBrightness","parte2-public-v1","Control público · Brillo de videos","cc","11","","79","","composition.stripes.videoBrightness","control","range","0","2","","min + CC / 127 × (max − min); registry rounds integers",""
"web.cc.composition.stripes.width","parte2-public-v1","Control público · Distribución horizontal","cc","11","","80","","composition.stripes.width","control","range","0.01","4","","min + CC / 127 × (max − min); registry rounds integers",""
"web.cc.composition.stripes.x","parte2-public-v1","Control público · Posición X","cc","11","","81","","composition.stripes.x","control","range","-2","2","","min + CC / 127 × (max − min); registry rounds integers",""
"web.cc.composition.stripes.y","parte2-public-v1","Control público · Posición Y","cc","11","","82","","composition.stripes.y","control","range","-2","2","","min + CC / 127 × (max − min); registry rounds integers",""
"web.cc.composition.view.mode","parte2-public-v1","Control público · Encuadre","cc","11","","83","","composition.view.mode","control","range","0","1","","CC / 127 → registry enum bins",""
"web.cc.composition.view.outputScaleX","parte2-public-v1","Control público · Escala de salida X","cc","11","","84","","composition.view.outputScaleX","control","range","0.1","3","","min + CC / 127 × (max − min); registry rounds integers",""
"web.cc.composition.view.outputScaleY","parte2-public-v1","Control público · Escala de salida Y","cc","11","","85","","composition.view.outputScaleY","control","range","0.1","3","","min + CC / 127 × (max − min); registry rounds integers",""
"web.cc.composition.view.outputX","parte2-public-v1","Control público · Salida X","cc","11","","86","","composition.view.outputX","control","range","-2","2","","min + CC / 127 × (max − min); registry rounds integers",""
"web.cc.composition.view.outputY","parte2-public-v1","Control público · Salida Y","cc","11","","87","","composition.view.outputY","control","range","-2","2","","min + CC / 127 × (max − min); registry rounds integers",""
"web.cc.composition.view.scaleX","parte2-public-v1","Control público · Escala de cámara X","cc","11","","88","","composition.view.scaleX","control","range","0.1","4","","min + CC / 127 × (max − min); registry rounds integers",""
"web.cc.composition.view.scaleY","parte2-public-v1","Control público · Escala de cámara Y","cc","11","","89","","composition.view.scaleY","control","range","0.1","4","","min + CC / 127 × (max − min); registry rounds integers",""
"web.cc.composition.view.x","parte2-public-v1","Control público · Cámara X","cc","11","","90","","composition.view.x","control","range","-2","2","","min + CC / 127 × (max − min); registry rounds integers",""
"web.cc.composition.view.y","parte2-public-v1","Control público · Cámara Y","cc","11","","91","","composition.view.y","control","range","-2","2","","min + CC / 127 × (max − min); registry rounds integers",""
"web.cc.composition.warp.amount","parte2-public-v1","Control público · Intensidad","cc","11","","92","","composition.warp.amount","control","range","-1","1","","min + CC / 127 × (max − min); registry rounds integers",""
"web.cc.composition.warp.depth","parte2-public-v1","Control público · Profundidad","cc","11","","93","","composition.warp.depth","control","range","0","4","","min + CC / 127 × (max − min); registry rounds integers",""
"web.cc.composition.warp.directionX","parte2-public-v1","Control público · Dirección X","cc","11","","94","","composition.warp.directionX","control","range","-2","2","","min + CC / 127 × (max − min); registry rounds integers",""
"web.cc.composition.warp.directionY","parte2-public-v1","Control público · Dirección Y","cc","11","","95","","composition.warp.directionY","control","range","-2","2","","min + CC / 127 × (max − min); registry rounds integers",""
"web.cc.composition.warp.enabled","parte2-public-v1","Control público · Deformación activa","cc","11","","96","","composition.warp.enabled","control","range","0","1","","CC >= 64",""
"web.cc.composition.warp.full","parte2-public-v1","Control público · Control sobre toda la imagen","cc","11","","97","","composition.warp.full","control","range","0","1","","CC >= 64",""
"web.cc.composition.warp.mask.0","parte2-public-v1","Control público · Máscara 1","cc","11","","98","","composition.warp.mask.0","control","range","0","1","","min + CC / 127 × (max − min); registry rounds integers",""
"web.cc.composition.warp.mask.1","parte2-public-v1","Control público · Máscara 2","cc","11","","99","","composition.warp.mask.1","control","range","0","1","","min + CC / 127 × (max − min); registry rounds integers",""
"web.cc.composition.warp.mask.2","parte2-public-v1","Control público · Máscara 3","cc","11","","100","","composition.warp.mask.2","control","range","0","1","","min + CC / 127 × (max − min); registry rounds integers",""
"web.cc.composition.warp.mask.3","parte2-public-v1","Control público · Máscara 4","cc","11","","101","","composition.warp.mask.3","control","range","0","1","","min + CC / 127 × (max − min); registry rounds integers",""
"web.cc.composition.warp.mask.4","parte2-public-v1","Control público · Máscara 5","cc","11","","102","","composition.warp.mask.4","control","range","0","1","","min + CC / 127 × (max − min); registry rounds integers",""
"web.cc.composition.warp.mask.5","parte2-public-v1","Control público · Máscara 6","cc","11","","103","","composition.warp.mask.5","control","range","0","1","","min + CC / 127 × (max − min); registry rounds integers",""
"web.cc.composition.warp.maskMode","parte2-public-v1","Control público · Distribución de máscara","cc","11","","104","","composition.warp.maskMode","control","range","0","1","","CC / 127 → registry enum bins",""
"web.cc.composition.warp.radius","parte2-public-v1","Control público · Radio","cc","11","","105","","composition.warp.radius","control","range","0","1","","min + CC / 127 × (max − min); registry rounds integers",""
"web.cc.composition.warp.shape","parte2-public-v1","Control público · Forma","cc","11","","106","","composition.warp.shape","control","range","-2","2","","min + CC / 127 × (max − min); registry rounds integers",""
"web.cc.events.kickWarp","parte2-public-v1","Control público · kickWarp","cc","11","","107","","events.kickWarp","control","range","0","1","","CC >= 64",""
"web.cc.events.snareHeld","parte2-public-v1","Control público · snareHeld","cc","11","","108","","events.snareHeld","control","range","0","1","","CC >= 64",""
"web.cc.final.attack","parte2-public-v1","Control público · Ataque tinta (s)","cc","11","","109","","final.attack","control","range","0.05","30","","min + CC / 127 × (max − min); registry rounds integers",""
"web.cc.final.brightness","parte2-public-v1","Control público · Brillo de salida","cc","11","","110","","final.brightness","control","range","-4","4","","min + CC / 127 × (max − min); registry rounds integers",""
"web.cc.final.button","parte2-public-v1","Control público · BOTON · feedback activo","cc","11","","111","","final.button","control","range","0","1","","CC >= 64",""
"web.cc.final.contrast","parte2-public-v1","Control público · Contraste pulsante · intensidad","cc","11","","112","","final.contrast","control","range","0","6","","min + CC / 127 × (max − min); registry rounds integers",""
"web.cc.final.displaceAmount","parte2-public-v1","Control público · Desplazamiento principal","cc","11","","113","","final.displaceAmount","control","range","-1","1","","min + CC / 127 × (max − min); registry rounds integers",""
"web.cc.final.flash","parte2-public-v1","Control público · Contraste pulsante","cc","11","","114","","final.flash","control","range","0","1","","CC >= 64",""
"web.cc.final.flashPeriod","parte2-public-v1","Control público · Contraste pulsante · período","cc","11","","115","","final.flashPeriod","control","range","0.03","5","","min + CC / 127 × (max − min); registry rounds integers",""
"web.cc.final.fx1","parte2-public-v1","Control público · FX1 · deriva X / anillo","cc","11","","116","","final.fx1","control","range","0","1","","min + CC / 127 × (max − min); registry rounds integers",""
"web.cc.final.fx2","parte2-public-v1","Control público · FX2 · deriva Y / profundidad","cc","11","","117","","final.fx2","control","range","0","1","","min + CC / 127 × (max − min); registry rounds integers",""
"web.cc.final.fx4","parte2-public-v1","Control público · FX4 · desplazamiento final","cc","11","","118","","final.fx4","control","range","0","1","","min + CC / 127 × (max − min); registry rounds integers",""
"web.cc.final.growthDisplace","parte2-public-v1","Control público · Growth · desplazamiento","cc","11","","119","","final.growthDisplace","control","range","-2","2","","min + CC / 127 × (max − min); registry rounds integers",""
"web.cc.final.growthEdge","parte2-public-v1","Control público · Growth · borde","cc","12","","0","","final.growthEdge","control","range","0.1","8","","min + CC / 127 × (max − min); registry rounds integers",""
"web.cc.final.growthFade","parte2-public-v1","Control público · Growth · caída","cc","12","","1","","final.growthFade","control","range","0","5","","min + CC / 127 × (max − min); registry rounds integers",""
"web.cc.final.growthShape","parte2-public-v1","Control público · Growth · forma","cc","12","","2","","final.growthShape","control","range","-2","2","","min + CC / 127 × (max − min); registry rounds integers",""
"web.cc.final.growthSpeed","parte2-public-v1","Control público · Growth · velocidad","cc","12","","3","","final.growthSpeed","control","range","0","300","","min + CC / 127 × (max − min); registry rounds integers",""
"web.cc.final.growthTranslate","parte2-public-v1","Control público · Growth · traslación X","cc","12","","4","","final.growthTranslate","control","range","-0.02","0.02","","min + CC / 127 × (max − min); registry rounds integers",""
"web.cc.final.hsvAmount","parte2-public-v1","Control público · UnsharpHSV · intensidad","cc","12","","5","","final.hsvAmount","control","range","0","5","","min + CC / 127 × (max − min); registry rounds integers",""
"web.cc.final.hsvHue","parte2-public-v1","Control público · UnsharpHSV · matiz","cc","12","","6","","final.hsvHue","control","range","-3","3","","min + CC / 127 × (max − min); registry rounds integers",""
"web.cc.final.hsvSaturation","parte2-public-v1","Control público · UnsharpHSV · saturación","cc","12","","7","","final.hsvSaturation","control","range","0","3","","min + CC / 127 × (max − min); registry rounds integers",""
"web.cc.final.hsvShape","parte2-public-v1","Control público · UnsharpHSV · escala","cc","12","","8","","final.hsvShape","control","range","-3","3","","min + CC / 127 × (max − min); registry rounds integers",""
"web.cc.final.inkAuto","parte2-public-v1","Control público · Reproducir tinta","cc","12","","9","","final.inkAuto","control","range","0","1","","CC >= 64",""
"web.cc.final.inkDepth","parte2-public-v1","Control público · Normal tinta · profundidad","cc","12","","10","","final.inkDepth","control","range","-4","4","","min + CC / 127 × (max − min); registry rounds integers",""
"web.cc.final.inkDisplace","parte2-public-v1","Control público · Desplazamiento tinta","cc","12","","11","","final.inkDisplace","control","range","-2","2","","min + CC / 127 × (max − min); registry rounds integers",""
"web.cc.final.inkProgress","parte2-public-v1","Control público · Posición de tinta","cc","12","","12","","final.inkProgress","control","range","0","1","","min + CC / 127 × (max − min); registry rounds integers",""
"web.cc.final.inputBlack","parte2-public-v1","Control público · Levels · negro entrada","cc","12","","13","","final.inputBlack","control","range","0","0.99","","min + CC / 127 × (max − min); registry rounds integers",""
"web.cc.final.loop","parte2-public-v1","Control público · Repetir tinta","cc","12","","14","","final.loop","control","range","0","1","","CC >= 64",""
"web.cc.final.loopDuration","parte2-public-v1","Control público · Ciclo tinta (s)","cc","12","","15","","final.loopDuration","control","range","0.1","60","","min + CC / 127 × (max − min); registry rounds integers",""
"web.cc.final.normalRadius","parte2-public-v1","Control público · Radio normales","cc","12","","16","","final.normalRadius","control","range","0.1","64","","min + CC / 127 × (max − min); registry rounds integers",""
"web.cc.final.opacity","parte2-public-v1","Control público · Exclusion · opacidad","cc","12","","17","","final.opacity","control","range","0","1","","min + CC / 127 × (max − min); registry rounds integers",""
"web.cc.final.outputBlack","parte2-public-v1","Control público · Levels · negro salida","cc","12","","18","","final.outputBlack","control","range","0","1","","min + CC / 127 × (max − min); registry rounds integers",""
"web.cc.final.ringAmount","parte2-public-v1","Control público · Anillo · desplazamiento","cc","12","","19","","final.ringAmount","control","range","-8","8","","min + CC / 127 × (max − min); registry rounds integers",""
"web.cc.final.ringOpacity","parte2-public-v1","Control público · Anillo · feedback","cc","12","","20","","final.ringOpacity","control","range","0","1","","min + CC / 127 × (max − min); registry rounds integers",""
"web.cc.final.ringSharp","parte2-public-v1","Control público · Anillo · Unsharp","cc","12","","21","","final.ringSharp","control","range","0","3","","min + CC / 127 × (max − min); registry rounds integers",""
"web.cc.final.saturation","parte2-public-v1","Control público · Unsharp · saturación","cc","12","","22","","final.saturation","control","range","0","3","","min + CC / 127 × (max − min); registry rounds integers",""
"web.cc.final.secondaryAmount","parte2-public-v1","Control público · Desplazamiento secundario","cc","12","","23","","final.secondaryAmount","control","range","-1","1","","min + CC / 127 × (max − min); registry rounds integers",""
"web.cc.final.threshold","parte2-public-v1","Control público · Dither","cc","12","","24","","final.threshold","control","range","0.1","10","","min + CC / 127 × (max − min); registry rounds integers",""
"web.cc.final.unsharpAmount","parte2-public-v1","Control público · Unsharp · intensidad","cc","12","","25","","final.unsharpAmount","control","range","0","5","","min + CC / 127 × (max − min); registry rounds integers",""
"web.cc.final.unsharpShape","parte2-public-v1","Control público · Unsharp · escala","cc","12","","26","","final.unsharpShape","control","range","-3","3","","min + CC / 127 × (max − min); registry rounds integers",""
"web.cc.final.verticalFeedback","parte2-public-v1","Control público · Feedback vertical","cc","12","","27","","final.verticalFeedback","control","range","0","1","","min + CC / 127 × (max − min); registry rounds integers",""
"web.cc.final.verticalScale","parte2-public-v1","Control público · Flujo vertical","cc","12","","28","","final.verticalScale","control","range","-0.2","0.2","","min + CC / 127 × (max − min); registry rounds integers",""
"web.cc.graphics.blocks.0","parte2-public-v1","Control público · bOTON GRI 1 · señal publicada","cc","12","","29","","graphics.blocks.0","control","range","0","1","","CC >= 64",""
"web.cc.graphics.blocks.1","parte2-public-v1","Control público · bOTON GRI 2 · señal publicada","cc","12","","30","","graphics.blocks.1","control","range","0","1","","CC >= 64",""
"web.cc.graphics.blocks.2","parte2-public-v1","Control público · bOTON GRI 3 · señal publicada","cc","12","","31","","graphics.blocks.2","control","range","0","1","","CC >= 64",""
"web.cc.graphics.blocks.3","parte2-public-v1","Control público · bOTON GRI 4 · señal publicada","cc","12","","32","","graphics.blocks.3","control","range","0","1","","CC >= 64",""
"web.cc.graphics.blocks.4","parte2-public-v1","Control público · bOTON GRI 5 · señal publicada","cc","12","","33","","graphics.blocks.4","control","range","0","1","","CC >= 64",""
"web.cc.graphics.blocks.5","parte2-public-v1","Control público · bOTON GRI 6 · señal publicada","cc","12","","34","","graphics.blocks.5","control","range","0","1","","CC >= 64",""
"web.cc.ink.attack","parte2-public-v1","Control público · Ataque de tinta (s)","cc","12","","35","","ink.attack","control","range","0.05","60","","min + CC / 127 × (max − min); registry rounds integers",""
"web.cc.ink.decay","parte2-public-v1","Control público · Caída de tinta (s)","cc","12","","36","","ink.decay","control","range","0","60","","min + CC / 127 × (max − min); registry rounds integers",""
"web.cc.ink.enabled","parte2-public-v1","Control público · INK dripping","cc","12","","37","","ink.enabled","control","range","0","1","","CC >= 64",""
"web.cc.ink.growthDisplace","parte2-public-v1","Control público · Growth · desplazamiento","cc","12","","38","","ink.growthDisplace","control","range","-2","2","","min + CC / 127 × (max − min); registry rounds integers",""
"web.cc.ink.growthEdge","parte2-public-v1","Control público · Growth · borde","cc","12","","39","","ink.growthEdge","control","range","0.1","8","","min + CC / 127 × (max − min); registry rounds integers",""
"web.cc.ink.growthFade","parte2-public-v1","Control público · Growth · caída","cc","12","","40","","ink.growthFade","control","range","0","5","","min + CC / 127 × (max − min); registry rounds integers",""
"web.cc.ink.growthShape","parte2-public-v1","Control público · Growth · forma","cc","12","","41","","ink.growthShape","control","range","-2","2","","min + CC / 127 × (max − min); registry rounds integers",""
"web.cc.ink.growthSpeed","parte2-public-v1","Control público · Growth · velocidad","cc","12","","42","","ink.growthSpeed","control","range","0","300","","min + CC / 127 × (max − min); registry rounds integers",""
"web.cc.ink.growthTranslate","parte2-public-v1","Control público · Growth · traslación X","cc","12","","43","","ink.growthTranslate","control","range","-0.02","0.02","","min + CC / 127 × (max − min); registry rounds integers",""
"web.cc.ink.hideBrush","parte2-public-v1","Control público · Growth · ocultar pincel","cc","12","","44","","ink.hideBrush","control","range","0","1","","CC >= 64",""
"web.cc.ink.hold","parte2-public-v1","Control público · Duración del disparo (s)","cc","12","","45","","ink.hold","control","range","0.05","30","","min + CC / 127 × (max − min); registry rounds integers",""
"web.cc.ink.hsvAmount","parte2-public-v1","Control público · UnsharpHSV · intensidad","cc","12","","46","","ink.hsvAmount","control","range","0","5","","min + CC / 127 × (max − min); registry rounds integers",""
"web.cc.ink.hsvHue","parte2-public-v1","Control público · UnsharpHSV · matiz","cc","12","","47","","ink.hsvHue","control","range","-3","3","","min + CC / 127 × (max − min); registry rounds integers",""
"web.cc.ink.hsvSaturation","parte2-public-v1","Control público · UnsharpHSV · saturación","cc","12","","48","","ink.hsvSaturation","control","range","0","3","","min + CC / 127 × (max − min); registry rounds integers",""
"web.cc.ink.hsvShape","parte2-public-v1","Control público · UnsharpHSV · escala","cc","12","","49","","ink.hsvShape","control","range","-3","3","","min + CC / 127 × (max − min); registry rounds integers",""
"web.cc.ink.inkDepth","parte2-public-v1","Control público · Normal tinta · profundidad","cc","12","","50","","ink.inkDepth","control","range","-4","4","","min + CC / 127 × (max − min); registry rounds integers",""
"web.cc.ink.inkDisplace","parte2-public-v1","Control público · Desplazamiento tinta","cc","12","","51","","ink.inkDisplace","control","range","-2","2","","min + CC / 127 × (max − min); registry rounds integers",""
"web.cc.ink.inputBlack","parte2-public-v1","Control público · Levels · negro entrada","cc","12","","52","","ink.inputBlack","control","range","0","0.99","","min + CC / 127 × (max − min); registry rounds integers",""
"web.cc.ink.opacity","parte2-public-v1","Control público · Opacidad INK","cc","12","","53","","ink.opacity","control","range","0","1","","min + CC / 127 × (max − min); registry rounds integers",""
"web.cc.ink.outputBlack","parte2-public-v1","Control público · Levels · negro salida","cc","12","","54","","ink.outputBlack","control","range","0","1","","min + CC / 127 × (max − min); registry rounds integers",""
"web.cc.ink.resetHold","parte2-public-v1","Control público · Reset de Growth (s)","cc","12","","55","","ink.resetHold","control","range","0","1","","min + CC / 127 × (max − min); registry rounds integers",""
"web.cc.ink.verticalFeedback","parte2-public-v1","Control público · Feedback vertical","cc","12","","56","","ink.verticalFeedback","control","range","0","1","","min + CC / 127 × (max − min); registry rounds integers",""
"web.cc.ink.verticalScale","parte2-public-v1","Control público · Flujo vertical","cc","12","","57","","ink.verticalScale","control","range","-0.2","0.2","","min + CC / 127 × (max − min); registry rounds integers",""
"web.cc.media.fallback","parte2-public-v1","Control público · Sustituir secuencias DDS faltantes (temporal)","cc","12","","58","","media.fallback","control","range","0","1","","CC >= 64",""
"web.cc.milky.1a.directionX","parte2-public-v1","Control público · direction X","cc","12","","59","","milky.1a.directionX","control","range","-2","2","","min + CC / 127 × (max − min); registry rounds integers",""
"web.cc.milky.1a.directionY","parte2-public-v1","Control público · direction Y","cc","12","","60","","milky.1a.directionY","control","range","-2","2","","min + CC / 127 × (max − min); registry rounds integers",""
"web.cc.milky.1a.displaceAmount","parte2-public-v1","Control público · displaceAmount","cc","12","","61","","milky.1a.displaceAmount","control","range","-2","2","","min + CC / 127 × (max − min); registry rounds integers",""
"web.cc.milky.1a.ditherThreshold","parte2-public-v1","Control público · ditherThreshold","cc","12","","62","","milky.1a.ditherThreshold","control","range","0.1","10","","min + CC / 127 × (max − min); registry rounds integers",""
"web.cc.milky.1a.flowBlur","parte2-public-v1","Control público · flowBlur","cc","12","","63","","milky.1a.flowBlur","control","range","0","1","","min + CC / 127 × (max − min); registry rounds integers",""
"web.cc.milky.1a.flowIterations","parte2-public-v1","Control público · flowIterations","cc","12","","64","","milky.1a.flowIterations","control","range","0","16","","min + CC / 127 × (max − min); registry rounds integers",""
"web.cc.milky.1a.normalDepth","parte2-public-v1","Control público · normalDepth","cc","12","","65","","milky.1a.normalDepth","control","range","-4","4","","min + CC / 127 × (max − min); registry rounds integers",""
"web.cc.milky.1a.normalRadius","parte2-public-v1","Control público · normalRadius","cc","12","","66","","milky.1a.normalRadius","control","range","0.1","64","","min + CC / 127 × (max − min); registry rounds integers",""
"web.cc.milky.1a.opacity","parte2-public-v1","Control público · opacity","cc","12","","67","","milky.1a.opacity","control","range","0","1","","min + CC / 127 × (max − min); registry rounds integers",""
"web.cc.milky.1a.postBlendOpacity","parte2-public-v1","Control público · postBlendOpacity","cc","12","","68","","milky.1a.postBlendOpacity","control","range","0","1","","min + CC / 127 × (max − min); registry rounds integers",""
"web.cc.milky.1a.saturation","parte2-public-v1","Control público · saturation","cc","12","","69","","milky.1a.saturation","control","range","0","3","","min + CC / 127 × (max − min); registry rounds integers",""
"web.cc.milky.1a.secondaryAmount","parte2-public-v1","Control público · secondaryAmount","cc","12","","70","","milky.1a.secondaryAmount","control","range","-2","2","","min + CC / 127 × (max − min); registry rounds integers",""
"web.cc.milky.1a.secondaryDirectionX","parte2-public-v1","Control público · secondaryDirection X","cc","12","","71","","milky.1a.secondaryDirectionX","control","range","-2","2","","min + CC / 127 × (max − min); registry rounds integers",""
"web.cc.milky.1a.secondaryDirectionY","parte2-public-v1","Control público · secondaryDirection Y","cc","12","","72","","milky.1a.secondaryDirectionY","control","range","-2","2","","min + CC / 127 × (max − min); registry rounds integers",""
"web.cc.milky.1a.unsharpAmount","parte2-public-v1","Control público · unsharpAmount","cc","12","","73","","milky.1a.unsharpAmount","control","range","0","5","","min + CC / 127 × (max − min); registry rounds integers",""
"web.cc.milky.1a.unsharpShape","parte2-public-v1","Control público · unsharpShape","cc","12","","74","","milky.1a.unsharpShape","control","range","-3","3","","min + CC / 127 × (max − min); registry rounds integers",""
"web.cc.milky.2a.directionX","parte2-public-v1","Control público · direction X","cc","12","","75","","milky.2a.directionX","control","range","-2","2","","min + CC / 127 × (max − min); registry rounds integers",""
"web.cc.milky.2a.directionY","parte2-public-v1","Control público · direction Y","cc","12","","76","","milky.2a.directionY","control","range","-2","2","","min + CC / 127 × (max − min); registry rounds integers",""
"web.cc.milky.2a.displaceAmount","parte2-public-v1","Control público · displaceAmount","cc","12","","77","","milky.2a.displaceAmount","control","range","-2","2","","min + CC / 127 × (max − min); registry rounds integers",""
"web.cc.milky.2a.ditherThreshold","parte2-public-v1","Control público · ditherThreshold","cc","12","","78","","milky.2a.ditherThreshold","control","range","0.1","10","","min + CC / 127 × (max − min); registry rounds integers",""
"web.cc.milky.2a.flowBlur","parte2-public-v1","Control público · flowBlur","cc","12","","79","","milky.2a.flowBlur","control","range","0","1","","min + CC / 127 × (max − min); registry rounds integers",""
"web.cc.milky.2a.flowIterations","parte2-public-v1","Control público · flowIterations","cc","12","","80","","milky.2a.flowIterations","control","range","0","16","","min + CC / 127 × (max − min); registry rounds integers",""
"web.cc.milky.2a.normalDepth","parte2-public-v1","Control público · normalDepth","cc","12","","81","","milky.2a.normalDepth","control","range","-4","4","","min + CC / 127 × (max − min); registry rounds integers",""
"web.cc.milky.2a.normalRadius","parte2-public-v1","Control público · normalRadius","cc","12","","82","","milky.2a.normalRadius","control","range","0.1","64","","min + CC / 127 × (max − min); registry rounds integers",""
"web.cc.milky.2a.opacity","parte2-public-v1","Control público · opacity","cc","12","","83","","milky.2a.opacity","control","range","0","1","","min + CC / 127 × (max − min); registry rounds integers",""
"web.cc.milky.2a.postBlendOpacity","parte2-public-v1","Control público · postBlendOpacity","cc","12","","84","","milky.2a.postBlendOpacity","control","range","0","1","","min + CC / 127 × (max − min); registry rounds integers",""
"web.cc.milky.2a.saturation","parte2-public-v1","Control público · saturation","cc","12","","85","","milky.2a.saturation","control","range","0","3","","min + CC / 127 × (max − min); registry rounds integers",""
"web.cc.milky.2a.secondaryAmount","parte2-public-v1","Control público · secondaryAmount","cc","12","","86","","milky.2a.secondaryAmount","control","range","-2","2","","min + CC / 127 × (max − min); registry rounds integers",""
"web.cc.milky.2a.secondaryDirectionX","parte2-public-v1","Control público · secondaryDirection X","cc","12","","87","","milky.2a.secondaryDirectionX","control","range","-2","2","","min + CC / 127 × (max − min); registry rounds integers",""
"web.cc.milky.2a.secondaryDirectionY","parte2-public-v1","Control público · secondaryDirection Y","cc","12","","88","","milky.2a.secondaryDirectionY","control","range","-2","2","","min + CC / 127 × (max − min); registry rounds integers",""
"web.cc.milky.2a.unsharpAmount","parte2-public-v1","Control público · unsharpAmount","cc","12","","89","","milky.2a.unsharpAmount","control","range","0","5","","min + CC / 127 × (max − min); registry rounds integers",""
"web.cc.milky.2a.unsharpShape","parte2-public-v1","Control público · unsharpShape","cc","12","","90","","milky.2a.unsharpShape","control","range","-3","3","","min + CC / 127 × (max − min); registry rounds integers",""
"web.cc.milky.3a.directionX","parte2-public-v1","Control público · direction X","cc","12","","91","","milky.3a.directionX","control","range","-2","2","","min + CC / 127 × (max − min); registry rounds integers",""
"web.cc.milky.3a.directionY","parte2-public-v1","Control público · direction Y","cc","12","","92","","milky.3a.directionY","control","range","-2","2","","min + CC / 127 × (max − min); registry rounds integers",""
"web.cc.milky.3a.displaceAmount","parte2-public-v1","Control público · displaceAmount","cc","12","","93","","milky.3a.displaceAmount","control","range","-2","2","","min + CC / 127 × (max − min); registry rounds integers",""
"web.cc.milky.3a.ditherThreshold","parte2-public-v1","Control público · ditherThreshold","cc","12","","94","","milky.3a.ditherThreshold","control","range","0.1","10","","min + CC / 127 × (max − min); registry rounds integers",""
"web.cc.milky.3a.flowBlur","parte2-public-v1","Control público · flowBlur","cc","12","","95","","milky.3a.flowBlur","control","range","0","1","","min + CC / 127 × (max − min); registry rounds integers",""
"web.cc.milky.3a.flowIterations","parte2-public-v1","Control público · flowIterations","cc","12","","96","","milky.3a.flowIterations","control","range","0","16","","min + CC / 127 × (max − min); registry rounds integers",""
"web.cc.milky.3a.normalDepth","parte2-public-v1","Control público · normalDepth","cc","12","","97","","milky.3a.normalDepth","control","range","-4","4","","min + CC / 127 × (max − min); registry rounds integers",""
"web.cc.milky.3a.normalRadius","parte2-public-v1","Control público · normalRadius","cc","12","","98","","milky.3a.normalRadius","control","range","0.1","64","","min + CC / 127 × (max − min); registry rounds integers",""
"web.cc.milky.3a.opacity","parte2-public-v1","Control público · opacity","cc","12","","99","","milky.3a.opacity","control","range","0","1","","min + CC / 127 × (max − min); registry rounds integers",""
"web.cc.milky.3a.postBlendOpacity","parte2-public-v1","Control público · postBlendOpacity","cc","12","","100","","milky.3a.postBlendOpacity","control","range","0","1","","min + CC / 127 × (max − min); registry rounds integers",""
"web.cc.milky.3a.saturation","parte2-public-v1","Control público · saturation","cc","12","","101","","milky.3a.saturation","control","range","0","3","","min + CC / 127 × (max − min); registry rounds integers",""
"web.cc.milky.3a.secondaryAmount","parte2-public-v1","Control público · secondaryAmount","cc","12","","102","","milky.3a.secondaryAmount","control","range","-2","2","","min + CC / 127 × (max − min); registry rounds integers",""
"web.cc.milky.3a.secondaryDirectionX","parte2-public-v1","Control público · secondaryDirection X","cc","12","","103","","milky.3a.secondaryDirectionX","control","range","-2","2","","min + CC / 127 × (max − min); registry rounds integers",""
"web.cc.milky.3a.secondaryDirectionY","parte2-public-v1","Control público · secondaryDirection Y","cc","12","","104","","milky.3a.secondaryDirectionY","control","range","-2","2","","min + CC / 127 × (max − min); registry rounds integers",""
"web.cc.milky.3a.unsharpAmount","parte2-public-v1","Control público · unsharpAmount","cc","12","","105","","milky.3a.unsharpAmount","control","range","0","5","","min + CC / 127 × (max − min); registry rounds integers",""
"web.cc.milky.3a.unsharpShape","parte2-public-v1","Control público · unsharpShape","cc","12","","106","","milky.3a.unsharpShape","control","range","-3","3","","min + CC / 127 × (max − min); registry rounds integers",""
"web.cc.milky.autoSeed","parte2-public-v1","Control público · Semillas automáticas","cc","12","","107","","milky.autoSeed","control","range","0","1","","CC >= 64",""
"web.cc.milky.detail","parte2-public-v1","Control público · Multiplicador detalle","cc","12","","108","","milky.detail","control","range","0","2","","min + CC / 127 × (max − min); registry rounds integers",""
"web.cc.milky.externalSeed","parte2-public-v1","Control público · DDS como entrada Milky full","cc","12","","109","","milky.externalSeed","control","range","0","1","","CC >= 64",""
"web.cc.milky.full.bypass","parte2-public-v1","Control público · Bypass Milky full","cc","12","","110","","milky.full.bypass","control","range","0","1","","CC >= 64",""
"web.cc.milky.full.ddsBlend","parte2-public-v1","Control público · Exclusion con DDS","cc","12","","111","","milky.full.ddsBlend","control","range","0","1","","min + CC / 127 × (max − min); registry rounds integers",""
"web.cc.milky.full.ddsContrast","parte2-public-v1","Control público · Contraste de DDS en Milky","cc","12","","112","","milky.full.ddsContrast","control","range","-2","4","","min + CC / 127 × (max − min); registry rounds integers",""
"web.cc.milky.full.preset","parte2-public-v1","Control público · Milky full","cc","12","","113","","milky.full.preset","control","range","0","1","","CC / 127 → registry enum bins",""
"web.cc.milky.full1.directionX","parte2-public-v1","Control público · direction X","cc","12","","114","","milky.full1.directionX","control","range","-2","2","","min + CC / 127 × (max − min); registry rounds integers",""
"web.cc.milky.full1.directionY","parte2-public-v1","Control público · direction Y","cc","12","","115","","milky.full1.directionY","control","range","-2","2","","min + CC / 127 × (max − min); registry rounds integers",""
"web.cc.milky.full1.displaceAmount","parte2-public-v1","Control público · displaceAmount","cc","12","","116","","milky.full1.displaceAmount","control","range","-2","2","","min + CC / 127 × (max − min); registry rounds integers",""
"web.cc.milky.full1.ditherThreshold","parte2-public-v1","Control público · ditherThreshold","cc","12","","117","","milky.full1.ditherThreshold","control","range","0.1","10","","min + CC / 127 × (max − min); registry rounds integers",""
"web.cc.milky.full1.flowBlur","parte2-public-v1","Control público · flowBlur","cc","12","","118","","milky.full1.flowBlur","control","range","0","1","","min + CC / 127 × (max − min); registry rounds integers",""
"web.cc.milky.full1.flowIterations","parte2-public-v1","Control público · flowIterations","cc","12","","119","","milky.full1.flowIterations","control","range","0","16","","min + CC / 127 × (max − min); registry rounds integers",""
"web.cc.milky.full1.normalDepth","parte2-public-v1","Control público · normalDepth","cc","14","","0","","milky.full1.normalDepth","control","range","-4","4","","min + CC / 127 × (max − min); registry rounds integers",""
"web.cc.milky.full1.normalRadius","parte2-public-v1","Control público · normalRadius","cc","14","","1","","milky.full1.normalRadius","control","range","0.1","64","","min + CC / 127 × (max − min); registry rounds integers",""
"web.cc.milky.full1.opacity","parte2-public-v1","Control público · opacity","cc","14","","2","","milky.full1.opacity","control","range","0","1","","min + CC / 127 × (max − min); registry rounds integers",""
"web.cc.milky.full1.postBlendOpacity","parte2-public-v1","Control público · postBlendOpacity","cc","14","","3","","milky.full1.postBlendOpacity","control","range","0","1","","min + CC / 127 × (max − min); registry rounds integers",""
"web.cc.milky.full1.saturation","parte2-public-v1","Control público · saturation","cc","14","","4","","milky.full1.saturation","control","range","0","3","","min + CC / 127 × (max − min); registry rounds integers",""
"web.cc.milky.full1.secondaryAmount","parte2-public-v1","Control público · secondaryAmount","cc","14","","5","","milky.full1.secondaryAmount","control","range","-2","2","","min + CC / 127 × (max − min); registry rounds integers",""
"web.cc.milky.full1.secondaryDirectionX","parte2-public-v1","Control público · secondaryDirection X","cc","14","","6","","milky.full1.secondaryDirectionX","control","range","-2","2","","min + CC / 127 × (max − min); registry rounds integers",""
"web.cc.milky.full1.secondaryDirectionY","parte2-public-v1","Control público · secondaryDirection Y","cc","14","","7","","milky.full1.secondaryDirectionY","control","range","-2","2","","min + CC / 127 × (max − min); registry rounds integers",""
"web.cc.milky.full1.seedPulsePeriod","parte2-public-v1","Control público · seedPulsePeriod","cc","14","","8","","milky.full1.seedPulsePeriod","control","range","0.02","10","","min + CC / 127 × (max − min); registry rounds integers",""
"web.cc.milky.full1.seedRotation","parte2-public-v1","Control público · seedRotation","cc","14","","9","","milky.full1.seedRotation","control","range","-0.5","0.5","","min + CC / 127 × (max − min); registry rounds integers",""
"web.cc.milky.full1.seedScale","parte2-public-v1","Control público · seedScale","cc","14","","10","","milky.full1.seedScale","control","range","0.01","3","","min + CC / 127 × (max − min); registry rounds integers",""
"web.cc.milky.full1.unsharpAmount","parte2-public-v1","Control público · unsharpAmount","cc","14","","11","","milky.full1.unsharpAmount","control","range","0","5","","min + CC / 127 × (max − min); registry rounds integers",""
"web.cc.milky.full1.unsharpShape","parte2-public-v1","Control público · unsharpShape","cc","14","","12","","milky.full1.unsharpShape","control","range","-3","3","","min + CC / 127 × (max − min); registry rounds integers",""
"web.cc.milky.full2.directionX","parte2-public-v1","Control público · direction X","cc","14","","13","","milky.full2.directionX","control","range","-2","2","","min + CC / 127 × (max − min); registry rounds integers",""
"web.cc.milky.full2.directionY","parte2-public-v1","Control público · direction Y","cc","14","","14","","milky.full2.directionY","control","range","-2","2","","min + CC / 127 × (max − min); registry rounds integers",""
"web.cc.milky.full2.displaceAmount","parte2-public-v1","Control público · displaceAmount","cc","14","","15","","milky.full2.displaceAmount","control","range","-2","2","","min + CC / 127 × (max − min); registry rounds integers",""
"web.cc.milky.full2.ditherThreshold","parte2-public-v1","Control público · ditherThreshold","cc","14","","16","","milky.full2.ditherThreshold","control","range","0.1","10","","min + CC / 127 × (max − min); registry rounds integers",""
"web.cc.milky.full2.flowBlur","parte2-public-v1","Control público · flowBlur","cc","14","","17","","milky.full2.flowBlur","control","range","0","1","","min + CC / 127 × (max − min); registry rounds integers",""
"web.cc.milky.full2.flowIterations","parte2-public-v1","Control público · flowIterations","cc","14","","18","","milky.full2.flowIterations","control","range","0","16","","min + CC / 127 × (max − min); registry rounds integers",""
"web.cc.milky.full2.normalDepth","parte2-public-v1","Control público · normalDepth","cc","14","","19","","milky.full2.normalDepth","control","range","-4","4","","min + CC / 127 × (max − min); registry rounds integers",""
"web.cc.milky.full2.normalRadius","parte2-public-v1","Control público · normalRadius","cc","14","","20","","milky.full2.normalRadius","control","range","0.1","64","","min + CC / 127 × (max − min); registry rounds integers",""
"web.cc.milky.full2.opacity","parte2-public-v1","Control público · opacity","cc","14","","21","","milky.full2.opacity","control","range","0","1","","min + CC / 127 × (max − min); registry rounds integers",""
"web.cc.milky.full2.postBlendOpacity","parte2-public-v1","Control público · postBlendOpacity","cc","14","","22","","milky.full2.postBlendOpacity","control","range","0","1","","min + CC / 127 × (max − min); registry rounds integers",""
"web.cc.milky.full2.saturation","parte2-public-v1","Control público · saturation","cc","14","","23","","milky.full2.saturation","control","range","0","3","","min + CC / 127 × (max − min); registry rounds integers",""
"web.cc.milky.full2.secondaryAmount","parte2-public-v1","Control público · secondaryAmount","cc","14","","24","","milky.full2.secondaryAmount","control","range","-2","2","","min + CC / 127 × (max − min); registry rounds integers",""
"web.cc.milky.full2.secondaryDirectionX","parte2-public-v1","Control público · secondaryDirection X","cc","14","","25","","milky.full2.secondaryDirectionX","control","range","-2","2","","min + CC / 127 × (max − min); registry rounds integers",""
"web.cc.milky.full2.secondaryDirectionY","parte2-public-v1","Control público · secondaryDirection Y","cc","14","","26","","milky.full2.secondaryDirectionY","control","range","-2","2","","min + CC / 127 × (max − min); registry rounds integers",""
"web.cc.milky.full2.seedPulsePeriod","parte2-public-v1","Control público · seedPulsePeriod","cc","14","","27","","milky.full2.seedPulsePeriod","control","range","0.02","10","","min + CC / 127 × (max − min); registry rounds integers",""
"web.cc.milky.full2.seedRotation","parte2-public-v1","Control público · seedRotation","cc","14","","28","","milky.full2.seedRotation","control","range","-0.5","0.5","","min + CC / 127 × (max − min); registry rounds integers",""
"web.cc.milky.full2.seedScale","parte2-public-v1","Control público · seedScale","cc","14","","29","","milky.full2.seedScale","control","range","0.01","3","","min + CC / 127 × (max − min); registry rounds integers",""
"web.cc.milky.full2.unsharpAmount","parte2-public-v1","Control público · unsharpAmount","cc","14","","30","","milky.full2.unsharpAmount","control","range","0","5","","min + CC / 127 × (max − min); registry rounds integers",""
"web.cc.milky.full2.unsharpShape","parte2-public-v1","Control público · unsharpShape","cc","14","","31","","milky.full2.unsharpShape","control","range","-3","3","","min + CC / 127 × (max − min); registry rounds integers",""
"web.cc.milky.full3.directionX","parte2-public-v1","Control público · direction X","cc","14","","32","","milky.full3.directionX","control","range","-2","2","","min + CC / 127 × (max − min); registry rounds integers",""
"web.cc.milky.full3.directionY","parte2-public-v1","Control público · direction Y","cc","14","","33","","milky.full3.directionY","control","range","-2","2","","min + CC / 127 × (max − min); registry rounds integers",""
"web.cc.milky.full3.displaceAmount","parte2-public-v1","Control público · displaceAmount","cc","14","","34","","milky.full3.displaceAmount","control","range","-2","2","","min + CC / 127 × (max − min); registry rounds integers",""
"web.cc.milky.full3.ditherThreshold","parte2-public-v1","Control público · ditherThreshold","cc","14","","35","","milky.full3.ditherThreshold","control","range","0.1","10","","min + CC / 127 × (max − min); registry rounds integers",""
"web.cc.milky.full3.flowBlur","parte2-public-v1","Control público · flowBlur","cc","14","","36","","milky.full3.flowBlur","control","range","0","1","","min + CC / 127 × (max − min); registry rounds integers",""
"web.cc.milky.full3.flowIterations","parte2-public-v1","Control público · flowIterations","cc","14","","37","","milky.full3.flowIterations","control","range","0","16","","min + CC / 127 × (max − min); registry rounds integers",""
"web.cc.milky.full3.normalDepth","parte2-public-v1","Control público · normalDepth","cc","14","","38","","milky.full3.normalDepth","control","range","-4","4","","min + CC / 127 × (max − min); registry rounds integers",""
"web.cc.milky.full3.normalRadius","parte2-public-v1","Control público · normalRadius","cc","14","","39","","milky.full3.normalRadius","control","range","0.1","64","","min + CC / 127 × (max − min); registry rounds integers",""
"web.cc.milky.full3.opacity","parte2-public-v1","Control público · opacity","cc","14","","40","","milky.full3.opacity","control","range","0","1","","min + CC / 127 × (max − min); registry rounds integers",""
"web.cc.milky.full3.postBlendOpacity","parte2-public-v1","Control público · postBlendOpacity","cc","14","","41","","milky.full3.postBlendOpacity","control","range","0","1","","min + CC / 127 × (max − min); registry rounds integers",""
"web.cc.milky.full3.saturation","parte2-public-v1","Control público · saturation","cc","14","","42","","milky.full3.saturation","control","range","0","3","","min + CC / 127 × (max − min); registry rounds integers",""
"web.cc.milky.full3.secondaryAmount","parte2-public-v1","Control público · secondaryAmount","cc","14","","43","","milky.full3.secondaryAmount","control","range","-2","2","","min + CC / 127 × (max − min); registry rounds integers",""
"web.cc.milky.full3.secondaryDirectionX","parte2-public-v1","Control público · secondaryDirection X","cc","14","","44","","milky.full3.secondaryDirectionX","control","range","-2","2","","min + CC / 127 × (max − min); registry rounds integers",""
"web.cc.milky.full3.secondaryDirectionY","parte2-public-v1","Control público · secondaryDirection Y","cc","14","","45","","milky.full3.secondaryDirectionY","control","range","-2","2","","min + CC / 127 × (max − min); registry rounds integers",""
"web.cc.milky.full3.seedPulsePeriod","parte2-public-v1","Control público · seedPulsePeriod","cc","14","","46","","milky.full3.seedPulsePeriod","control","range","0.02","10","","min + CC / 127 × (max − min); registry rounds integers",""
"web.cc.milky.full3.seedRotation","parte2-public-v1","Control público · seedRotation","cc","14","","47","","milky.full3.seedRotation","control","range","-0.5","0.5","","min + CC / 127 × (max − min); registry rounds integers",""
"web.cc.milky.full3.seedScale","parte2-public-v1","Control público · seedScale","cc","14","","48","","milky.full3.seedScale","control","range","0.01","3","","min + CC / 127 × (max − min); registry rounds integers",""
"web.cc.milky.full3.unsharpAmount","parte2-public-v1","Control público · unsharpAmount","cc","14","","49","","milky.full3.unsharpAmount","control","range","0","5","","min + CC / 127 × (max − min); registry rounds integers",""
"web.cc.milky.full3.unsharpShape","parte2-public-v1","Control público · unsharpShape","cc","14","","50","","milky.full3.unsharpShape","control","range","-3","3","","min + CC / 127 × (max − min); registry rounds integers",""
"web.cc.milky.fullsplash.directionX","parte2-public-v1","Control público · direction X","cc","14","","51","","milky.fullsplash.directionX","control","range","-2","2","","min + CC / 127 × (max − min); registry rounds integers",""
"web.cc.milky.fullsplash.directionY","parte2-public-v1","Control público · direction Y","cc","14","","52","","milky.fullsplash.directionY","control","range","-2","2","","min + CC / 127 × (max − min); registry rounds integers",""
"web.cc.milky.fullsplash.displaceAmount","parte2-public-v1","Control público · displaceAmount","cc","14","","53","","milky.fullsplash.displaceAmount","control","range","-2","2","","min + CC / 127 × (max − min); registry rounds integers",""
"web.cc.milky.fullsplash.ditherThreshold","parte2-public-v1","Control público · ditherThreshold","cc","14","","54","","milky.fullsplash.ditherThreshold","control","range","0.1","10","","min + CC / 127 × (max − min); registry rounds integers",""
"web.cc.milky.fullsplash.flowBlur","parte2-public-v1","Control público · flowBlur","cc","14","","55","","milky.fullsplash.flowBlur","control","range","0","1","","min + CC / 127 × (max − min); registry rounds integers",""
"web.cc.milky.fullsplash.flowIterations","parte2-public-v1","Control público · flowIterations","cc","14","","56","","milky.fullsplash.flowIterations","control","range","0","16","","min + CC / 127 × (max − min); registry rounds integers",""
"web.cc.milky.fullsplash.normalDepth","parte2-public-v1","Control público · normalDepth","cc","14","","57","","milky.fullsplash.normalDepth","control","range","-4","4","","min + CC / 127 × (max − min); registry rounds integers",""
"web.cc.milky.fullsplash.normalRadius","parte2-public-v1","Control público · normalRadius","cc","14","","58","","milky.fullsplash.normalRadius","control","range","0.1","64","","min + CC / 127 × (max − min); registry rounds integers",""
"web.cc.milky.fullsplash.opacity","parte2-public-v1","Control público · opacity","cc","14","","59","","milky.fullsplash.opacity","control","range","0","1","","min + CC / 127 × (max − min); registry rounds integers",""
"web.cc.milky.fullsplash.postBlendOpacity","parte2-public-v1","Control público · postBlendOpacity","cc","14","","60","","milky.fullsplash.postBlendOpacity","control","range","0","1","","min + CC / 127 × (max − min); registry rounds integers",""
"web.cc.milky.fullsplash.saturation","parte2-public-v1","Control público · saturation","cc","14","","61","","milky.fullsplash.saturation","control","range","0","3","","min + CC / 127 × (max − min); registry rounds integers",""
"web.cc.milky.fullsplash.secondaryAmount","parte2-public-v1","Control público · secondaryAmount","cc","14","","62","","milky.fullsplash.secondaryAmount","control","range","-2","2","","min + CC / 127 × (max − min); registry rounds integers",""
"web.cc.milky.fullsplash.secondaryDirectionX","parte2-public-v1","Control público · secondaryDirection X","cc","14","","63","","milky.fullsplash.secondaryDirectionX","control","range","-2","2","","min + CC / 127 × (max − min); registry rounds integers",""
"web.cc.milky.fullsplash.secondaryDirectionY","parte2-public-v1","Control público · secondaryDirection Y","cc","14","","64","","milky.fullsplash.secondaryDirectionY","control","range","-2","2","","min + CC / 127 × (max − min); registry rounds integers",""
"web.cc.milky.fullsplash.seedPulsePeriod","parte2-public-v1","Control público · seedPulsePeriod","cc","14","","65","","milky.fullsplash.seedPulsePeriod","control","range","0.02","10","","min + CC / 127 × (max − min); registry rounds integers",""
"web.cc.milky.fullsplash.seedRotation","parte2-public-v1","Control público · seedRotation","cc","14","","66","","milky.fullsplash.seedRotation","control","range","-0.5","0.5","","min + CC / 127 × (max − min); registry rounds integers",""
"web.cc.milky.fullsplash.seedScale","parte2-public-v1","Control público · seedScale","cc","14","","67","","milky.fullsplash.seedScale","control","range","0.01","3","","min + CC / 127 × (max − min); registry rounds integers",""
"web.cc.milky.fullsplash.unsharpAmount","parte2-public-v1","Control público · unsharpAmount","cc","14","","68","","milky.fullsplash.unsharpAmount","control","range","0","5","","min + CC / 127 × (max − min); registry rounds integers",""
"web.cc.milky.fullsplash.unsharpShape","parte2-public-v1","Control público · unsharpShape","cc","14","","69","","milky.fullsplash.unsharpShape","control","range","-3","3","","min + CC / 127 × (max − min); registry rounds integers",""
"web.cc.milky.splash.directionX","parte2-public-v1","Control público · direction X","cc","14","","70","","milky.splash.directionX","control","range","-2","2","","min + CC / 127 × (max − min); registry rounds integers",""
"web.cc.milky.splash.directionY","parte2-public-v1","Control público · direction Y","cc","14","","71","","milky.splash.directionY","control","range","-2","2","","min + CC / 127 × (max − min); registry rounds integers",""
"web.cc.milky.splash.displaceAmount","parte2-public-v1","Control público · displaceAmount","cc","14","","72","","milky.splash.displaceAmount","control","range","-2","2","","min + CC / 127 × (max − min); registry rounds integers",""
"web.cc.milky.splash.ditherThreshold","parte2-public-v1","Control público · ditherThreshold","cc","14","","73","","milky.splash.ditherThreshold","control","range","0.1","10","","min + CC / 127 × (max − min); registry rounds integers",""
"web.cc.milky.splash.flowBlur","parte2-public-v1","Control público · flowBlur","cc","14","","74","","milky.splash.flowBlur","control","range","0","1","","min + CC / 127 × (max − min); registry rounds integers",""
"web.cc.milky.splash.flowIterations","parte2-public-v1","Control público · flowIterations","cc","14","","75","","milky.splash.flowIterations","control","range","0","16","","min + CC / 127 × (max − min); registry rounds integers",""
"web.cc.milky.splash.normalDepth","parte2-public-v1","Control público · normalDepth","cc","14","","76","","milky.splash.normalDepth","control","range","-4","4","","min + CC / 127 × (max − min); registry rounds integers",""
"web.cc.milky.splash.normalRadius","parte2-public-v1","Control público · normalRadius","cc","14","","77","","milky.splash.normalRadius","control","range","0.1","64","","min + CC / 127 × (max − min); registry rounds integers",""
"web.cc.milky.splash.opacity","parte2-public-v1","Control público · opacity","cc","14","","78","","milky.splash.opacity","control","range","0","1","","min + CC / 127 × (max − min); registry rounds integers",""
"web.cc.milky.splash.postBlendOpacity","parte2-public-v1","Control público · postBlendOpacity","cc","14","","79","","milky.splash.postBlendOpacity","control","range","0","1","","min + CC / 127 × (max − min); registry rounds integers",""
"web.cc.milky.splash.saturation","parte2-public-v1","Control público · saturation","cc","14","","80","","milky.splash.saturation","control","range","0","3","","min + CC / 127 × (max − min); registry rounds integers",""
"web.cc.milky.splash.secondaryAmount","parte2-public-v1","Control público · secondaryAmount","cc","14","","81","","milky.splash.secondaryAmount","control","range","-2","2","","min + CC / 127 × (max − min); registry rounds integers",""
"web.cc.milky.splash.secondaryDirectionX","parte2-public-v1","Control público · secondaryDirection X","cc","14","","82","","milky.splash.secondaryDirectionX","control","range","-2","2","","min + CC / 127 × (max − min); registry rounds integers",""
"web.cc.milky.splash.secondaryDirectionY","parte2-public-v1","Control público · secondaryDirection Y","cc","14","","83","","milky.splash.secondaryDirectionY","control","range","-2","2","","min + CC / 127 × (max − min); registry rounds integers",""
"web.cc.milky.splash.unsharpAmount","parte2-public-v1","Control público · unsharpAmount","cc","14","","84","","milky.splash.unsharpAmount","control","range","0","5","","min + CC / 127 × (max − min); registry rounds integers",""
"web.cc.milky.splash.unsharpShape","parte2-public-v1","Control público · unsharpShape","cc","14","","85","","milky.splash.unsharpShape","control","range","-3","3","","min + CC / 127 × (max − min); registry rounds integers",""
"web.cc.milky.stripes.0.preset","parte2-public-v1","Control público · Preset bloque 1","cc","14","","86","","milky.stripes.0.preset","control","range","0","3","","min + CC / 127 × (max − min); registry rounds integers",""
"web.cc.milky.stripes.1.preset","parte2-public-v1","Control público · Preset bloque 2","cc","14","","87","","milky.stripes.1.preset","control","range","0","3","","min + CC / 127 × (max − min); registry rounds integers",""
"web.cc.milky.stripes.2.preset","parte2-public-v1","Control público · Preset bloque 3","cc","14","","88","","milky.stripes.2.preset","control","range","0","3","","min + CC / 127 × (max − min); registry rounds integers",""
"web.cc.milky.stripes.3.preset","parte2-public-v1","Control público · Preset bloque 4","cc","14","","89","","milky.stripes.3.preset","control","range","0","3","","min + CC / 127 × (max − min); registry rounds integers",""
"web.cc.milky.stripes.4.preset","parte2-public-v1","Control público · Preset bloque 5","cc","14","","90","","milky.stripes.4.preset","control","range","0","3","","min + CC / 127 × (max − min); registry rounds integers",""
"web.cc.milky.stripes.5.preset","parte2-public-v1","Control público · Preset bloque 6","cc","14","","91","","milky.stripes.5.preset","control","range","0","3","","min + CC / 127 × (max − min); registry rounds integers",""
"web.cc.milky.warp","parte2-public-v1","Control público · Multiplicador deformación","cc","14","","92","","milky.warp","control","range","0","2","","min + CC / 127 × (max − min); registry rounds integers",""
"web.cc.mix.fullMilky","parte2-public-v1","Control público · Milky completo","cc","14","","93","","mix.fullMilky","control","range","0","1","","min + CC / 127 × (max − min); registry rounds integers",""
"web.cc.mix.fullVideo","parte2-public-v1","Control público · DDS completo","cc","14","","94","","mix.fullVideo","control","range","0","1","","min + CC / 127 × (max − min); registry rounds integers",""
"web.cc.mix.fullVideoAttack","parte2-public-v1","Control público · Ataque de brillo DDS full (s)","cc","14","","95","","mix.fullVideoAttack","control","range","0","120","","min + CC / 127 × (max − min); registry rounds integers",""
"web.cc.mix.fullVideoDecay","parte2-public-v1","Control público · Caída de brillo DDS full (s)","cc","14","","96","","mix.fullVideoDecay","control","range","0","60","","min + CC / 127 × (max − min); registry rounds integers",""
"web.cc.mix.stripes.0.milky","parte2-public-v1","Control público · Milky bloque 1","cc","14","","97","","mix.stripes.0.milky","control","range","0","1","","min + CC / 127 × (max − min); registry rounds integers",""
"web.cc.mix.stripes.0.video","parte2-public-v1","Control público · DDS bloque 1","cc","14","","98","","mix.stripes.0.video","control","range","0","1","","min + CC / 127 × (max − min); registry rounds integers",""
"web.cc.mix.stripes.1.milky","parte2-public-v1","Control público · Milky bloque 2","cc","14","","99","","mix.stripes.1.milky","control","range","0","1","","min + CC / 127 × (max − min); registry rounds integers",""
"web.cc.mix.stripes.1.video","parte2-public-v1","Control público · DDS bloque 2","cc","14","","100","","mix.stripes.1.video","control","range","0","1","","min + CC / 127 × (max − min); registry rounds integers",""
"web.cc.mix.stripes.2.milky","parte2-public-v1","Control público · Milky bloque 3","cc","14","","101","","mix.stripes.2.milky","control","range","0","1","","min + CC / 127 × (max − min); registry rounds integers",""
"web.cc.mix.stripes.2.video","parte2-public-v1","Control público · DDS bloque 3","cc","14","","102","","mix.stripes.2.video","control","range","0","1","","min + CC / 127 × (max − min); registry rounds integers",""
"web.cc.mix.stripes.3.milky","parte2-public-v1","Control público · Milky bloque 4","cc","14","","103","","mix.stripes.3.milky","control","range","0","1","","min + CC / 127 × (max − min); registry rounds integers",""
"web.cc.mix.stripes.3.video","parte2-public-v1","Control público · DDS bloque 4","cc","14","","104","","mix.stripes.3.video","control","range","0","1","","min + CC / 127 × (max − min); registry rounds integers",""
"web.cc.mix.stripes.4.milky","parte2-public-v1","Control público · Milky bloque 5","cc","14","","105","","mix.stripes.4.milky","control","range","0","1","","min + CC / 127 × (max − min); registry rounds integers",""
"web.cc.mix.stripes.4.video","parte2-public-v1","Control público · DDS bloque 5","cc","14","","106","","mix.stripes.4.video","control","range","0","1","","min + CC / 127 × (max − min); registry rounds integers",""
"web.cc.mix.stripes.5.milky","parte2-public-v1","Control público · Milky bloque 6","cc","14","","107","","mix.stripes.5.milky","control","range","0","1","","min + CC / 127 × (max − min); registry rounds integers",""
"web.cc.mix.stripes.5.video","parte2-public-v1","Control público · DDS bloque 6","cc","14","","108","","mix.stripes.5.video","control","range","0","1","","min + CC / 127 × (max − min); registry rounds integers",""
"web.cc.output.blackout","parte2-public-v1","Control público · Blackout","cc","14","","109","","output.blackout","control","range","0","1","","CC >= 64",""
"web.cc.output.master","parte2-public-v1","Control público · Master","cc","14","","110","","output.master","control","range","0","1","","min + CC / 127 × (max − min); registry rounds integers",""
"web.cc.output.preview","parte2-public-v1","Control público · Vista","cc","14","","111","","output.preview","control","range","0","1","","CC / 127 → registry enum bins",""
"web.cc.output.resolution","parte2-public-v1","Control público · Resolución de salida","cc","14","","112","","output.resolution","control","range","0","1","","CC / 127 → registry enum bins",""
"web.cc.player.full.clip","parte2-public-v1","Control público · Secuencia","cc","14","","113","","player.full.clip","control","range","0","67","","min + CC / 127 × (max − min); registry rounds integers",""
"web.cc.player.full.end","parte2-public-v1","Control público · Salida","cc","14","","114","","player.full.end","control","range","0","1","","min + CC / 127 × (max − min); registry rounds integers",""
"web.cc.player.full.loop","parte2-public-v1","Control público · Loop","cc","14","","115","","player.full.loop","control","range","0","1","","CC >= 64",""
"web.cc.player.full.pingpong","parte2-public-v1","Control público · Ping-pong","cc","14","","116","","player.full.pingpong","control","range","0","1","","CC >= 64",""
"web.cc.player.full.playing","parte2-public-v1","Control público · Reproducir","cc","14","","117","","player.full.playing","control","range","0","1","","CC >= 64",""
"web.cc.player.full.reverse","parte2-public-v1","Control público · Reversa","cc","14","","118","","player.full.reverse","control","range","0","1","","CC >= 64",""
"web.cc.player.full.seek","parte2-public-v1","Control público · Posición","cc","14","","119","","player.full.seek","control","range","0","1","","min + CC / 127 × (max − min); registry rounds integers",""
"web.cc.player.full.slow","parte2-public-v1","Control público · Tiempo extra del ciclo (s)","cc","15","","0","","player.full.slow","control","range","0","60","","min + CC / 127 × (max − min); registry rounds integers",""
"web.cc.player.full.speed","parte2-public-v1","Control público · Velocidad","cc","15","","1","","player.full.speed","control","range","0","4","","min + CC / 127 × (max − min); registry rounds integers",""
"web.cc.player.full.start","parte2-public-v1","Control público · Entrada","cc","15","","2","","player.full.start","control","range","0","1","","min + CC / 127 × (max − min); registry rounds integers",""
"web.cc.players.0.clip","parte2-public-v1","Control público · Secuencia","cc","15","","3","","players.0.clip","control","range","0","67","","min + CC / 127 × (max − min); registry rounds integers",""
"web.cc.players.0.end","parte2-public-v1","Control público · Salida","cc","15","","4","","players.0.end","control","range","0","1","","min + CC / 127 × (max − min); registry rounds integers",""
"web.cc.players.0.loop","parte2-public-v1","Control público · Loop","cc","15","","5","","players.0.loop","control","range","0","1","","CC >= 64",""
"web.cc.players.0.pingpong","parte2-public-v1","Control público · Ping-pong","cc","15","","6","","players.0.pingpong","control","range","0","1","","CC >= 64",""
"web.cc.players.0.playing","parte2-public-v1","Control público · Reproducir","cc","15","","7","","players.0.playing","control","range","0","1","","CC >= 64",""
"web.cc.players.0.reverse","parte2-public-v1","Control público · Reversa","cc","15","","8","","players.0.reverse","control","range","0","1","","CC >= 64",""
"web.cc.players.0.seek","parte2-public-v1","Control público · Posición","cc","15","","9","","players.0.seek","control","range","0","1","","min + CC / 127 × (max − min); registry rounds integers",""
"web.cc.players.0.slow","parte2-public-v1","Control público · Tiempo extra del ciclo (s)","cc","15","","10","","players.0.slow","control","range","0","60","","min + CC / 127 × (max − min); registry rounds integers",""
"web.cc.players.0.speed","parte2-public-v1","Control público · Velocidad","cc","15","","11","","players.0.speed","control","range","0","4","","min + CC / 127 × (max − min); registry rounds integers",""
"web.cc.players.0.start","parte2-public-v1","Control público · Entrada","cc","15","","12","","players.0.start","control","range","0","1","","min + CC / 127 × (max − min); registry rounds integers",""
"web.cc.players.1.clip","parte2-public-v1","Control público · Secuencia","cc","15","","13","","players.1.clip","control","range","0","67","","min + CC / 127 × (max − min); registry rounds integers",""
"web.cc.players.1.end","parte2-public-v1","Control público · Salida","cc","15","","14","","players.1.end","control","range","0","1","","min + CC / 127 × (max − min); registry rounds integers",""
"web.cc.players.1.loop","parte2-public-v1","Control público · Loop","cc","15","","15","","players.1.loop","control","range","0","1","","CC >= 64",""
"web.cc.players.1.pingpong","parte2-public-v1","Control público · Ping-pong","cc","15","","16","","players.1.pingpong","control","range","0","1","","CC >= 64",""
"web.cc.players.1.playing","parte2-public-v1","Control público · Reproducir","cc","15","","17","","players.1.playing","control","range","0","1","","CC >= 64",""
"web.cc.players.1.reverse","parte2-public-v1","Control público · Reversa","cc","15","","18","","players.1.reverse","control","range","0","1","","CC >= 64",""
"web.cc.players.1.seek","parte2-public-v1","Control público · Posición","cc","15","","19","","players.1.seek","control","range","0","1","","min + CC / 127 × (max − min); registry rounds integers",""
"web.cc.players.1.slow","parte2-public-v1","Control público · Tiempo extra del ciclo (s)","cc","15","","20","","players.1.slow","control","range","0","60","","min + CC / 127 × (max − min); registry rounds integers",""
"web.cc.players.1.speed","parte2-public-v1","Control público · Velocidad","cc","15","","21","","players.1.speed","control","range","0","4","","min + CC / 127 × (max − min); registry rounds integers",""
"web.cc.players.1.start","parte2-public-v1","Control público · Entrada","cc","15","","22","","players.1.start","control","range","0","1","","min + CC / 127 × (max − min); registry rounds integers",""
"web.cc.players.2.clip","parte2-public-v1","Control público · Secuencia","cc","15","","23","","players.2.clip","control","range","0","67","","min + CC / 127 × (max − min); registry rounds integers",""
"web.cc.players.2.end","parte2-public-v1","Control público · Salida","cc","15","","24","","players.2.end","control","range","0","1","","min + CC / 127 × (max − min); registry rounds integers",""
"web.cc.players.2.loop","parte2-public-v1","Control público · Loop","cc","15","","25","","players.2.loop","control","range","0","1","","CC >= 64",""
"web.cc.players.2.pingpong","parte2-public-v1","Control público · Ping-pong","cc","15","","26","","players.2.pingpong","control","range","0","1","","CC >= 64",""
"web.cc.players.2.playing","parte2-public-v1","Control público · Reproducir","cc","15","","27","","players.2.playing","control","range","0","1","","CC >= 64",""
"web.cc.players.2.reverse","parte2-public-v1","Control público · Reversa","cc","15","","28","","players.2.reverse","control","range","0","1","","CC >= 64",""
"web.cc.players.2.seek","parte2-public-v1","Control público · Posición","cc","15","","29","","players.2.seek","control","range","0","1","","min + CC / 127 × (max − min); registry rounds integers",""
"web.cc.players.2.slow","parte2-public-v1","Control público · Tiempo extra del ciclo (s)","cc","15","","30","","players.2.slow","control","range","0","60","","min + CC / 127 × (max − min); registry rounds integers",""
"web.cc.players.2.speed","parte2-public-v1","Control público · Velocidad","cc","15","","31","","players.2.speed","control","range","0","4","","min + CC / 127 × (max − min); registry rounds integers",""
"web.cc.players.2.start","parte2-public-v1","Control público · Entrada","cc","15","","32","","players.2.start","control","range","0","1","","min + CC / 127 × (max − min); registry rounds integers",""
"web.cc.players.3.clip","parte2-public-v1","Control público · Secuencia","cc","15","","33","","players.3.clip","control","range","0","67","","min + CC / 127 × (max − min); registry rounds integers",""
"web.cc.players.3.end","parte2-public-v1","Control público · Salida","cc","15","","34","","players.3.end","control","range","0","1","","min + CC / 127 × (max − min); registry rounds integers",""
"web.cc.players.3.loop","parte2-public-v1","Control público · Loop","cc","15","","35","","players.3.loop","control","range","0","1","","CC >= 64",""
"web.cc.players.3.pingpong","parte2-public-v1","Control público · Ping-pong","cc","15","","36","","players.3.pingpong","control","range","0","1","","CC >= 64",""
"web.cc.players.3.playing","parte2-public-v1","Control público · Reproducir","cc","15","","37","","players.3.playing","control","range","0","1","","CC >= 64",""
"web.cc.players.3.reverse","parte2-public-v1","Control público · Reversa","cc","15","","38","","players.3.reverse","control","range","0","1","","CC >= 64",""
"web.cc.players.3.seek","parte2-public-v1","Control público · Posición","cc","15","","39","","players.3.seek","control","range","0","1","","min + CC / 127 × (max − min); registry rounds integers",""
"web.cc.players.3.slow","parte2-public-v1","Control público · Tiempo extra del ciclo (s)","cc","15","","40","","players.3.slow","control","range","0","60","","min + CC / 127 × (max − min); registry rounds integers",""
"web.cc.players.3.speed","parte2-public-v1","Control público · Velocidad","cc","15","","41","","players.3.speed","control","range","0","4","","min + CC / 127 × (max − min); registry rounds integers",""
"web.cc.players.3.start","parte2-public-v1","Control público · Entrada","cc","15","","42","","players.3.start","control","range","0","1","","min + CC / 127 × (max − min); registry rounds integers",""
"web.cc.players.4.clip","parte2-public-v1","Control público · Secuencia","cc","15","","43","","players.4.clip","control","range","0","67","","min + CC / 127 × (max − min); registry rounds integers",""
"web.cc.players.4.end","parte2-public-v1","Control público · Salida","cc","15","","44","","players.4.end","control","range","0","1","","min + CC / 127 × (max − min); registry rounds integers",""
"web.cc.players.4.loop","parte2-public-v1","Control público · Loop","cc","15","","45","","players.4.loop","control","range","0","1","","CC >= 64",""
"web.cc.players.4.pingpong","parte2-public-v1","Control público · Ping-pong","cc","15","","46","","players.4.pingpong","control","range","0","1","","CC >= 64",""
"web.cc.players.4.playing","parte2-public-v1","Control público · Reproducir","cc","15","","47","","players.4.playing","control","range","0","1","","CC >= 64",""
"web.cc.players.4.reverse","parte2-public-v1","Control público · Reversa","cc","15","","48","","players.4.reverse","control","range","0","1","","CC >= 64",""
"web.cc.players.4.seek","parte2-public-v1","Control público · Posición","cc","15","","49","","players.4.seek","control","range","0","1","","min + CC / 127 × (max − min); registry rounds integers",""
"web.cc.players.4.slow","parte2-public-v1","Control público · Tiempo extra del ciclo (s)","cc","15","","50","","players.4.slow","control","range","0","60","","min + CC / 127 × (max − min); registry rounds integers",""
"web.cc.players.4.speed","parte2-public-v1","Control público · Velocidad","cc","15","","51","","players.4.speed","control","range","0","4","","min + CC / 127 × (max − min); registry rounds integers",""
"web.cc.players.4.start","parte2-public-v1","Control público · Entrada","cc","15","","52","","players.4.start","control","range","0","1","","min + CC / 127 × (max − min); registry rounds integers",""
"web.cc.players.5.clip","parte2-public-v1","Control público · Secuencia","cc","15","","53","","players.5.clip","control","range","0","67","","min + CC / 127 × (max − min); registry rounds integers",""
"web.cc.players.5.end","parte2-public-v1","Control público · Salida","cc","15","","54","","players.5.end","control","range","0","1","","min + CC / 127 × (max − min); registry rounds integers",""
"web.cc.players.5.loop","parte2-public-v1","Control público · Loop","cc","15","","55","","players.5.loop","control","range","0","1","","CC >= 64",""
"web.cc.players.5.pingpong","parte2-public-v1","Control público · Ping-pong","cc","15","","56","","players.5.pingpong","control","range","0","1","","CC >= 64",""
"web.cc.players.5.playing","parte2-public-v1","Control público · Reproducir","cc","15","","57","","players.5.playing","control","range","0","1","","CC >= 64",""
"web.cc.players.5.reverse","parte2-public-v1","Control público · Reversa","cc","15","","58","","players.5.reverse","control","range","0","1","","CC >= 64",""
"web.cc.players.5.seek","parte2-public-v1","Control público · Posición","cc","15","","59","","players.5.seek","control","range","0","1","","min + CC / 127 × (max − min); registry rounds integers",""
"web.cc.players.5.slow","parte2-public-v1","Control público · Tiempo extra del ciclo (s)","cc","15","","60","","players.5.slow","control","range","0","60","","min + CC / 127 × (max − min); registry rounds integers",""
"web.cc.players.5.speed","parte2-public-v1","Control público · Velocidad","cc","15","","61","","players.5.speed","control","range","0","4","","min + CC / 127 × (max − min); registry rounds integers",""
"web.cc.players.5.start","parte2-public-v1","Control público · Entrada","cc","15","","62","","players.5.start","control","range","0","1","","min + CC / 127 × (max − min); registry rounds integers",""
"web.cc.scene.automation","parte2-public-v1","Control público · Automatización original por escena","cc","15","","63","","scene.automation","control","range","0","1","","CC >= 64",""
"web.cc.scene.current","parte2-public-v1","Control público · Escena vvvv","cc","15","","64","","scene.current","control","range","0","127","","min + CC / 127 × (max − min); registry rounds integers",""
"web.cc.transport.bpm","parte2-public-v1","Control público · Tempo","cc","15","","65","","transport.bpm","control","range","20","300","","min + CC / 127 × (max − min); registry rounds integers",""
"web.cc.transport.followMidi","parte2-public-v1","Control público · Seguir Start / Stop MIDI","cc","15","","66","","transport.followMidi","control","range","0","1","","CC >= 64",""
"web.cc.transport.playing","parte2-public-v1","Control público · Reproducir","cc","15","","67","","transport.playing","control","range","0","1","","CC >= 64",""
"web.cc.transport.rate","parte2-public-v1","Control público · Pasos de efectos / s","cc","15","","68","","transport.rate","control","range","0","1","","CC / 127 → registry enum bins",""
"web.cc.transport.sync","parte2-public-v1","Control público · Reloj","cc","15","","69","","transport.sync","control","range","0","1","","CC / 127 → registry enum bins",""
"web.note.final.explode","parte2-public-v1","Acción pública · Disparar explosión","note","16","0","","","final.explode","action","trigger","","","true","",""
"web.note.ink.trigger","parte2-public-v1","Acción pública · Disparar INK","note","16","1","","","ink.trigger","action","trigger","","","true","",""
"web.note.kick","parte2-public-v1","Acción pública · Kick","note","16","2","","","kick","action","trigger","","","true","",""
"web.note.kick1","parte2-public-v1","Acción pública · Kick 1 · señal publicada","note","16","3","","","kick1","action","trigger","","","true","",""
"web.note.milky.seed","parte2-public-v1","Acción pública · Inyectar semilla","note","16","4","","","milky.seed","action","trigger","","","true","",""
"web.note.output.blackoutToggle","parte2-public-v1","Acción pública · Alternar blackout","note","16","5","","","output.blackoutToggle","action","trigger","","","true","",""
"web.note.percussion","parte2-public-v1","Acción pública · Percusión · señal publicada","note","16","6","","","percussion","action","trigger","","","true","",""
"web.note.scene.goto","parte2-public-v1","Acción pública · Ir a escena","note","16","7","","","scene.goto","action","trigger","","","69","",""
"web.note.snare","parte2-public-v1","Acción pública · Snare","note","16","8","","","snare","action","trigger","","","true","",""
"web.note.transport.continue","parte2-public-v1","Acción pública · Continue","note","16","9","","","transport.continue","action","trigger","","","true","",""
"web.note.transport.position","parte2-public-v1","Acción pública · Posición MIDI (pulsos)","note","16","10","","","transport.position","action","trigger","","","0","",""
"web.note.transport.reset","parte2-public-v1","Acción pública · Reiniciar todo","note","16","11","","","transport.reset","action","trigger","","","true","",""
"web.note.transport.start","parte2-public-v1","Acción pública · Start","note","16","12","","","transport.start","action","trigger","","","true","",""
"web.note.transport.stop","parte2-public-v1","Acción pública · Stop","note","16","13","","","transport.stop","action","trigger","","","true","",""
